,SMILES_NS,pIC50,target
0,CN1CCN(c2ccc(Nc3ncc4nc(Nc5ccccc5)n(C5CCCC5)c4n3)cc2)CC1,5.64,alk
1,Cc1n[nH]c2ccc(-c3cc(N[C@@H](CO)c4ccccc4)cnc3-c3cc(F)ccc3O)cc12,7.0,alk
2,OC[C@H](Nc1cnc(-c2cc(Cl)ccc2O)c(-c2ccc3cnccc3c2)c1)c1ccccc1,7.03,alk
3,Cc1n[nH]c2ccc(-c3cc(N[C@@H](CO)c4ccccc4)cnc3-c3cc(Cl)ccc3O)cc12,6.64,alk
4,C=CC(=O)Nc1cc(Nc2ncc(Cl)c(Nc3ccccc3S(=O)(=O)C(C)C)n2)c(OC)cc1N(C)CCN(C)C,7.74,alk
5,CN1C(=O)[C@@H](N2CCc3c(nn(Cc4ccccc4)c3Br)C2=O)COc2ccccc21,6.0,alk
6,CN[C@@H]1C[C@H]2O[C@@](C)([C@@H]1OC)n1c3ccccc3c3c4c(c5c6ccccc6n2c5c31)C(=O)NC4,8.77,alk
7,CN1C(=O)[C@@H](N2CCc3cn(Cc4ccccc4)nc3C2=O)COc2ccccc21,6.0,alk
8,O=C(O)C(CCCC(O)c1nnc[nH]1)C(=O)O,9.23,alk
9,COc1cc(NC(=O)C2CC2)ccc1Nc1ncc(Cl)c(Nc2ccccc2NC(C)=O)n1,8.39,alk
10,CC(C)S(=O)(=O)c1ccccc1Nc1nc(N/N=C/c2ccc(C(F)(F)F)cc2)ncc1Cl,8.44,alk
11,COc1ccc(Cn2ncc(NC(=O)c3cc(NC(=O)Nc4ccc(Cl)c(C(F)(F)F)c4)ccc3C)c2N)cc1,8.57,alk
12,CC(C)S(=O)(=O)c1ccccc1Nc1nc(N/N=C/c2cccc(C(F)(F)F)c2)ncc1Cl,8.26,alk
13,COc1cc(Nc2ncc(Cl)c(Nc3ccccc3C(=O)C(=O)N(C)C)n2)ccc1N1CCC(N(C)C)CC1,7.97,alk
14,C=CC(=O)Nc1cc(Nc2ncc(F)c(Nc3ccccc3S(=O)(=O)C(C)C)n2)c(OC)cc1N(C)CCN(C)C,7.77,alk
15,COc1cc(-n2cc(CN3CCNCC3)nn2)ccc1Nc1ncc(Cl)c(Nc2ccccc2S(=O)(=O)C(C)C)n1,8.37,alk
16,COc1cc(-n2cc(CN3C[C@H](C)N[C@H](C)C3)nn2)ccc1Nc1ncc(Cl)c(Nc2ccccc2S(=O)(=O)C(C)C)n1,8.52,alk
17,C=CC(=O)Nc1cc(Nc2ncc(Cl)c(Nc3ccccc3C(=O)C(=O)N(C)C)n2)c(OC)cc1N1CCN(C)CC1,8.03,alk
18,CC(C)S(=O)(=O)c1ccccc1Nc1nc(N/N=C/c2ccc(F)cc2)ncc1Cl,8.64,alk
19,COc1cc2c(Oc3ccc(NC(=O)c4nc5ccccc5n(-c5ccc(F)cc5)c4=O)cc3F)ccnc2cc1OCCCN1CCN(C)CC1,5.55,alk
20,C=CC(=O)Nc1cc(Nc2ncc(I)c(Nc3ccccc3P(C)(C)=O)n2)c(OC)cc1N(C)CCN(C)C,7.39,alk
21,Nc1ncnc2c1c(-c1cccc(O)c1)cn2[C@H]1C[C@@H](CN2CCC2)C1,6.12,alk
22,C=CC(=O)Nc1cc(Nc2ncc(I)c(Nc3ccccc3S(=O)(=O)C(C)C)n2)c(OC)cc1N(C)CCN(C)C,7.04,alk
23,C=CC(=O)Nc1ccc(OC)c(Nc2ncc(Cl)c(Nc3ccccc3C(=O)C(=O)N(C)C)n2)c1,7.77,alk
24,COc1cc(N2CCNC2=O)ccc1Nc1ncc(Cl)c(Nc2ccccc2S(=O)(=O)C(C)C)n1,8.14,alk
25,C=CC(=O)Nc1cc(Nc2ncc(F)c(Nc3ccccc3P(C)(C)=O)n2)c(OC)cc1N(C)CCN(C)C,6.91,alk
26,CN(C)CCOc1ccc(/C=C/c2cc(-c3cc4c(=O)[nH]cnc4[nH]3)ccn2)cc1,5.39,alk
27,COc1cc2c(Oc3ccc(NC(=O)C4(C(=O)Nc5ccc(F)cc5)CC4)cc3F)ccnc2cc1OCCCN1CCOCC1,5.5,alk
28,COc1cc(N2CCN(CC(=O)N(C)C)C2=O)ccc1Nc1ncc(Cl)c(Nc2ccccc2S(=O)(=O)C(C)C)n1,8.17,alk
29,CN(C)C(=O)C(=O)c1ccccc1Nc1cc(Cl)ccc1Cl,8.03,alk
30,C=CC(=O)N1CCOc2ccc(Nc3ncc(Cl)c(Nc4ccccc4C(=O)C(=O)N(C)C)n3)cc21,7.82,alk
31,COc1cc(Nc2ncc(Cl)c(Nc3ccccc3C(=O)C(=O)N(C)C)n2)ccc1N1CCN(C)CC1,7.92,alk
32,CC(C)S(=O)(=O)c1ccccc1Nc1nc(N/N=C/c2ccc(OC(F)(F)F)cc2)ncc1Cl,8.26,alk
33,Nc1nc(Nc2ccc3c(c2)CC[C@@H](N2CCCC2)CC3)nn1-c1cc2c(nn1)-c1ccccc1CCC2,6.28,alk
34,CCOc1cccc2c1c(/C=C1\C(=O)NN=C1c1snnc1C)cn2C,7.33,alk
35,C[C@@H](Oc1cc(-c2cnn(C3CC4(CCCNC4)C3)c2)cnc1N)c1c(Cl)ccc(F)c1Cl,8.72,alk
36,CNC(=O)c1ccccc1Nc1nc(Nc2ccc3c(c2)C(C)CN(C)CC3)ncc1Cl,8.05,alk
37,CC(C)S(=O)(=O)c1ccccc1Nc1nc(Nc2cccc(NC(=O)C(C)(C)N)c2)ncc1Cl,8.26,alk
38,CC(C)S(=O)(=O)c1ccccc1Nc1nc(Nc2cccc(NC(=O)CCCN)c2)ncc1Cl,7.72,alk
39,CNC(=O)c1ccccc1Nc1nc(Nc2ccc3c(c2)C(C)CNCC3)ncc1Cl,8.1,alk
40,CCCCC1CN(C)CCc2ccc(Nc3ncc(Cl)c(Nc4ccccc4C(=O)NC)n3)cc21,8.11,alk
41,CC(C)S(=O)(=O)c1ccccc1Nc1nc(Nc2cccc(NC(=O)Cc3ccco3)c2)ncc1Cl,7.5,alk
42,COC(=O)c1cccc(Oc2nc[nH]c(=O)c2C=CC(C)=O)c1,5.52,alk
43,CNS(=O)(=O)c1ccccc1Nc1nc(Nc2ccc3c(c2)C(C)CN(C)CC3)ncc1Cl,8.89,alk
44,C=C1CNCCc2ccc(Nc3ncc(Cl)c(Nc4ccccc4C(=O)NC)n3)cc21,7.72,alk
45,Cc1ccc(O)cc1CC[C@@H]1[C@@H](O)CC[C@@]2(C)[C@H]1CC[C@@H]2[C@H](C)/C=C/CC(C)C,5.03,alk
46,C=CCNS(=O)(=O)c1cccc(C(=O)Nc2nc3cc(CN4CCCCC4)ccc3n2[C@H]2CC[C@@H](CO)CC2)c1,8.3,alk
47,CNC(=O)c1ccccc1Nc1nc(Nc2cccc(NC(=O)CN)c2)ncc1Cl,7.48,alk
48,COC1OC(=O)c2c(O)c(O)c(O)c(C)c21,5.01,alk
49,COc1cc(N2CCCC2=O)ccc1Nc1ncc(Cl)c(Nc2ccccc2NC(C)=O)n1,8.21,alk
50,COc1cc(-n2cc(CN3CCC(C)CC3)nn2)ccc1Nc1ncc(Cl)c(Nc2ccccc2S(=O)(=O)C(C)C)n1,8.41,alk
51,CNC(=O)c1ccccc1Nc1nc(Nc2cccc(NC(=O)CNC(=O)C3CCCN3)c2)ncc1Cl,7.1,alk
52,C/C=C1\CN(C)CCc2ccc(Nc3ncc(Cl)c(Nc4ccccc4C(=O)NC)n3)cc21,7.77,alk
53,Fc1cccc([C@H]2CCCN2c2ccc3ncc(-c4ccccn4)n3n2)c1,5.2,alk
54,CC(C)S(=O)(=O)c1ccccc1Nc1nc(Nc2cccc(NC(=O)CN3CCN(C)CC3)c2)ncc1Cl,8.77,alk
55,OC1CCN(c2cc(-c3cnc4ccc(N5CCC[C@@H]5c5cccc(F)c5)nn34)ccn2)CC1,5.52,alk
56,CNc1ncc2c(-c3ccc(N4CCN(C)CC4)nc3)nn(CC3CCCC3)c2n1,6.72,alk
57,CC1=CCC[C@@H]2[C@@]1(C)CC[C@H](C)[C@@]2(C)Cc1c(O)c(O)cc(N=CCC(C)C)c1O,6.01,alk
58,CNC(=O)c1ccccc1Nc1nc(Nc2nc3c(s2)CCNCC3)ncc1Cl,7.21,alk
59,CNC(=O)[C@H]1[C@@H]2C=C[C@@H](C2)[C@H]1Nc1nc(Nc2cccc(NC(=O)CN)c2)ncc1Cl,6.95,alk
60,C[C@@H](Oc1cc(-c2cnn(C3CCC4(CC3)CNC4)c2)cnc1N)c1c(Cl)ccc(F)c1Cl,8.37,alk
61,CC1=CCC[C@@H]2[C@@]1(C)CC[C@H](C)[C@@]2(C)CC1=C(O)C(=O)C=C(NCCC(C)C)C1=O,6.01,alk
62,CC(C)S(=O)(=O)c1ccccc1Nc1nc(Nc2cccc(NC(=O)CN3CCNCC3)c2)ncc1Cl,8.6,alk
63,Brc1ccc2[nH]c3c(c2c1)CCN(CC(c1ccccc1)c1ccccc1)c1nccc(I)c1-3,5.3,alk
64,N#Cc1ccc(-c2cnc3ccc(NCc4ccccc4)nn23)cc1,5.51,alk
65,C[C@@H](Oc1cc(-c2cnn(C3CC4(CNC4)C3)c2)cnc1N)c1c(Cl)ccc(F)c1Cl,8.66,alk
66,CC(C)S(=O)(=O)c1ccccc1Nc1nc(Nc2cccc(NC(=O)C3CCN3)c2)ncc1Cl,7.36,alk
67,C[C@@H](c1ccccc1)N1CCc2c([nH]c3ccc(Br)cc23)-c2c1ccnc2Cl,5.24,alk
68,Cc1c(O)c(O)c2c(c1C=O)[C@@H]1O[C@H](O2)c2c(C)c(O)c(O)c(O)c2C1=O,6.74,alk
69,Cc1cc(Cl)c2c(n1)N(CCc1ccccc1)CCc1c-2[nH]c2ccccc12,4.93,alk
70,Cc1ccc(O)cc1CC[C@@H]1C(=O)CC[C@@]2(C)[C@H]1CC[C@@H]2[C@H](C)/C=C/CC(C)C,5.38,alk
71,Cc1cc2c(c(Cl)n1)-c1[nH]c3ccccc3c1CCN2CCc1ccccc1,4.67,alk
72,CCCNC(=O)c1ccc(Nc2nc(NCC(F)(F)F)c3cc[nH]c3n2)cc1,6.58,alk
73,C=c1nns/c1=c1\[nH][nH]c(=O)c1=Cc1cn(C)c2cccc(OCC)c12,7.33,alk
74,CCCNC(=O)c1cc(Oc2ccc(NC(=O)c3cc4cccnc4n(-c4ccc(F)cc4)c3=O)cc2)ccn1,6.73,alk
75,C[C@@H](Oc1cc(-c2cnn(C3CC4(CCNCC4)C3)c2)cnc1N)c1c(Cl)ccc(F)c1Cl,8.92,alk
76,COc1cc(-c2nc(CN3CCN(C)CC3)cs2)ccc1Nc1ncc(Cl)c(Nc2ccccc2S(=O)(=O)C(C)C)n1,8.64,alk
77,CC(C)S(=O)(=O)c1ccccc1Nc1nc(Nc2cccc(NC(=O)CN3CC4CC3CN4)c2)ncc1Cl,8.64,alk
78,CNC(=O)c1ccccc1Nc1nc(Nc2ccc3c(c2)C(C)CN(C(C)=O)CC3)ncc1Cl,7.28,alk
79,CNC(=O)c1ccccc1Nc1nc(Nc2cccc(NC(=O)CNC(=O)N3CCCC3)c2)ncc1Cl,6.55,alk
80,CCOC(=O)[C@H]1CC[C@@H](n2/c(=N/C(=O)c3ccccc3)[nH]c3ccc(CN4CCCCC4)cc32)CC1,9.0,alk
81,Cc1ccc(O)cc1CC[C@H]1[C@@H]2CC[C@H]([C@H](C)CCCC(C)C)[C@@]2(C)CC[C@H]1O,5.12,alk
82,CNC(=O)c1ccccc1Nc1nc(Nc2cc3c(cc2OC)CCN(C)CCCCC3)ncc1Cl,7.77,alk
83,O=c1c(O)c(-c2ccc(O)c(O)c2)oc2cc(O)cc(O)c12,5.48,alk
84,C=C(CC[C@@H](C)[C@H]1CC[C@H]2[C@H](CCc3cc(O)ccc3C)C(=O)CC[C@@]21C)C(C)C,5.36,alk
85,C[C@@H](Oc1c(N)ncc2c(C3=CCN(C(N)=O)CC3)coc12)c1c(Cl)ccc(F)c1Cl,7.4,alk
86,CC1CN(C)CCc2ccc(Nc3ncc(Cl)c(N[C@H]4[C@@H](C(N)=O)[C@@H]5C=C[C@H]4C5)n3)cc21,7.31,alk
87,CNC(=O)c1ccccc1Nc1nc(Nc2ccc3c(c2)CCCC(=O)N3C)ncc1Cl,7.82,alk
88,CC(C)S(=O)(=O)c1ccccc1Nc1nc(Nc2cccc(NC(=O)CN3CC4CC3CC4O)c2)ncc1Cl,8.52,alk
89,CC1CN(C)CCc2ccc(Nc3ncc(Cl)c(Nc4ccccc4S(=O)(=O)C4CC4)n3)cc21,8.15,alk
90,CC(C)S(=O)(=O)c1ccccc1Nc1nc(Nc2cccc(NC(=O)CN3C[C@H](C)O[C@H](C)C3)c2)ncc1Cl,7.59,alk
91,C=C1CN(C)CCc2ccc(Nc3ncc(Cl)c(Nc4ccccc4C(=O)NC)n3)cc21,7.22,alk
92,CC(C)S(=O)(=O)c1ccccc1Nc1nc(Nc2cccc(NC(=O)CN3CCN(C(=O)/C=C/CN(C)C)CC3)c2)ncc1Cl,9.15,alk
93,Cc1c(O)c(O)cc2oc3cc(O)cc(O)c3c(=O)c12,5.96,alk
94,CN(c1ccccc1Nc1nc(Nc2cccc(NC(=O)CN)c2)ncc1Cl)S(C)(=O)=O,8.11,alk
95,CC(C)S(=O)(=O)c1ccccc1Nc1nc(Nc2cccc(NC(=O)CN3CCC4CNCC43)c2)ncc1Cl,8.64,alk
96,O=C(O)CN1CCN(c2cc(-c3cnc4ccc(N5CCC[C@@H]5c5cccc(F)c5)nn34)ccn2)CC1,5.92,alk
97,CC(C)S(=O)(=O)c1ccccc1Nc1nc(Nc2cccc(NC(=O)CN)c2)ncc1Cl,8.57,alk
98,Oc1ccc(CCN2CCc3c([nH]c4ccc(Br)cc34)-c3c(I)ccnc32)cc1,5.21,alk
99,COc1nc(C)cc2c1-c1[nH]c3cc(N4CCN(C)CC4)ccc3c1CCN2CCc1ccccc1,5.29,alk
100,CCN1CCN(c2ccc(Nc3cc(N(C)C(=O)Nc4c(Cl)c(OC)cc(OC)c4Cl)ncn3)cc2)CC1,5.51,alk
101,Oc1ccc(CCN2CCc3c([nH]c4ccc(Br)cc34)-c3c2ccnc3Cl)cc1,5.15,alk
102,COC(=O)c1cccc(Oc2nc[nH]c(=O)c2/C=C/C(C)=O)c1,5.52,alk
103,CNC(=O)c1ccccc1Nc1nc(Nc2cc3c(cc2OC)CCN(C)CCCC3)ncc1Cl,7.44,alk
104,COC(=O)c1cc(O)c(O)c(C[C@]2(C)[C@@H](C)CC[C@@]3(C)C(C)=CCC[C@H]32)c1,5.66,alk
105,Cc1c(O)c(O)c(O)c(C=O)c1-c1cc2c(C=O)c(C)c(O)c(O)c2o1,6.6,alk
106,CC(C)[C@H](N)C(=O)Nc1cccc(Nc2ncc(Cl)c(Nc3ccccc3S(=O)(=O)C(C)C)n2)c1,7.83,alk
107,CS(=O)(=O)Nc1ccccc1Nc1nc(Nc2cccc(NC(=O)CN)c2)ncc1Cl,7.02,alk
108,CC1(C)c2cc(C3CCN(C4COC4)CC3)ccc2C(=O)c2c1[nH]c1cc(C#N)ccc21,8.82,alk
109,CC(C)S(=O)(=O)c1ccccc1Nc1nc(Nc2cccc(NC(=O)CN3CCN(C(=O)CO)CC3)c2)ncc1Cl,8.05,alk
110,C=CCNS(=O)(=O)c1cccc(C(=O)/N=c2\[nH]c3cc(CN4CCCCC4)ccc3n2[C@H]2CC[C@@H](CO)CC2)c1,8.3,alk
111,Cc1c(O)c(O)c(O)c2c1COC2=O,5.3,alk
112,CC(C)S(=O)(=O)c1ccccc1Nc1nc(Nc2cccc(NC(=O)CN3CCOCC3)c2)ncc1Cl,7.75,alk
113,CC(C)S(=O)(=O)c1ccccc1Nc1nc(Nc2cccc(NC(=O)[C@@H](N)Cc3c[nH]cn3)c2)ncc1Cl,7.55,alk
114,COc1cc(N2CCN(CCN(C)C)C2=O)ccc1Nc1ncc(Cl)c(Nc2ccccc2S(=O)(=O)C(C)C)n1,8.92,alk
115,CC(C)S(=O)(=O)c1ccccc1Nc1nc(Nc2cccc(NC(=O)CN3CCN(C4COC4)CC3)c2)ncc1Cl,8.31,alk
116,COc1cc(-c2nc(CN3CCC(C)CC3)cs2)ccc1Nc1ncc(Cl)c(Nc2ccccc2S(=O)(=O)C(C)C)n1,8.52,alk
117,CNC(=O)c1ccccc1Nc1nc(Nc2ccc3c(c2)C(C)CN(CC(=O)N(C)C)CC3)ncc1Cl,7.42,alk
118,COc1cc(C2CCN(CCO)CC2)ccc1Nc1ncc2ccc(-c3ccccc3N(C)S(C)(=O)=O)n2n1,8.22,alk
119,COc1ccc2cc1Nc1nc(ncc1Cl)Nc1ccc(N3CCN(C)CC3)c(c1)/C=C\2,6.59,alk
120,Cc1nn(C)cc1Nc1cc(N2CCC[C@@H](C(=O)NCc3ccc(OC(F)(F)F)cc3)C2)ccn1,5.61,alk
121,CC(C)S(=O)(=O)c1ccccc1Nc1nc(Nc2nc3c(s2)CCN(C)CC3)ncc1Cl,6.11,alk
122,C=c1nns/c1=c1\[nH][nH]c(=O)c1=Cc1cn(C)c2cccc(OCc3c(F)cccc3Cl)c12,7.68,alk
123,COc1cc2c(cc1Nc1ncc(Cl)c(Nc3ccc(N4CCOCC4)cc3OC)n1)CCN(CCS(C)(=O)=O)CC2,8.0,alk
124,CC1(C)c2ccc(N3CCCC3)cc2C(=O)c2c1[nH]c1cc(C#N)ccc21,7.92,alk
125,Oc1ccc(-c2ccc3c(-c4ccc(CN5CCCCC5)o4)n[nH]c3n2)cc1,6.4,alk
126,Cc1ccc(CNC(=O)c2cccc(C(C)Oc3ccnc(NN4CCN(C)CC4)c3)c2)cc1,5.15,alk
127,CN1CCN(c2ccc(NC(=O)c3cc(-c4ccc5c(c4)OCO5)cnc3O)cc2)CC1,6.15,alk
128,CCN(CC)[C@H]1CC[C@@H](c2cc(OC3CC3)c(Nc3ncc(Cl)c(Nc4cn(C)nc4S(=O)(=O)C(C)C)n3)cc2C)CC1,8.1,alk
129,COCn1ccnc1-c1ccc2c3c([nH]c2c1)C(C)(C)c1cc(OC[C@H](O)CO)ccc1C3=O,5.74,alk
130,Nc1ncc(-c2cnn(CCO)c2)c2scc(-c3ccc(NC(=O)Nc4cccc(F)c4)cc3)c12,6.44,alk
131,O=C(c1ccc(-c2cnc3c(c2)N(Cc2c(Cl)cccc2Cl)CCN3)cc1)N1CCC[C@H]1CN1CCCC1,7.57,alk
132,COc1ccccc1-c1cccc2cnc(Nc3ccc(C4CCNCC4)c4c3OCC4)nc12,7.92,alk
133,CS(=O)CCOc1ccc2c(c1)C(C)(C)c1[nH]c3cc(C#N)ccc3c1C2=O,7.99,alk
134,c1ccc(Nc2ccnc3cc(-c4cnn(C5CCNCC5)c4)ccc23)cc1,5.74,alk
135,CC1(C)c2cc(N3CCN(C(=O)C4CNC4)CC3)ccc2C(=O)c2c1[nH]c1cc(C#N)ccc21,7.98,alk
136,CC(C)NC(=O)[C@H]1CC[C@@H](n2c(NC(=O)c3ccccc3)nc3ccc(CN4CCCCC4)cc32)CC1,8.7,alk
137,Cc1ccc(CNC(=O)[C@H]2CCCN(c3ccnc(Nc4ccc5c(c4)OCCO5)n3)C2)cc1,5.83,alk
138,CN1CCN(c2ccc(-c3ccc4[nH]c5nccc(-c6cccc(-c7ccccc7)c6)c5c4c3)cc2)CC1,6.85,alk
139,c1ccc(Nc2ccnc3cc(-c4cccs4)ccc23)cc1,5.37,alk
140,c1ccc(Nc2ccnc3cc(-c4ccncc4)ccc23)cc1,5.54,alk
141,CCCn1c2c(c3ccccc31)C(=O)c1ccc(OCCN(CC)CC)cc1C2(C)C,5.88,alk
142,COc1cc([C@@]2(O)CCN(CC(N)=O)C[C@@H]2O)ccc1Nc1ncc2ccc(-c3ccccc3OC)n2n1,8.22,alk
143,COc1c(Nc2ncc(Cl)c(N[C@H]3[C@@H](C(N)=O)[C@@H]4C=C[C@H]3C4)n2)ccc2c1CCC[C@@H](N1CCN(C)CC1)C2,8.05,alk
144,COc1cc(C2=CCNCC2)ncc1-c1cnc(N)c(O[C@H](C)c2c(Cl)ccc(I)c2Cl)c1,7.72,alk
145,CC(C)Oc1cc2c(cc1Nc1ncc(Cl)c(Nc3ccccc3S(=O)(=O)C(C)C)n1)C(=O)N(C1CCN(C(=O)CN(C)C)CC1)C2,8.22,alk
146,CCc1nc(C(N)=O)c(Nc2ccc(OC)c(N3CCN(C)CC3)c2)nc1N[C@H]1CC[C@H](O)CC1,9.64,alk
147,CC(C)NC(=O)[C@H]1CC[C@@H](n2c(NC(=O)c3cccc(Cl)c3)nc3ccc(CN4CCC(C(C)(C)O)CC4)cc32)CC1,8.7,alk
148,Cc1cc(-n2cc(S(C)(=O)=O)c3ccc(N[C@@H](C)c4ccc(F)cc4F)nc32)n[nH]1,8.92,alk
149,CNC(=O)CN1CCC(c2cc(OC(C)C)c(Nc3nc(Nc4ccccc4S(=O)(=O)C(C)C)c4c(C)[nH]nc4n3)cc2C)CC1,7.68,alk
150,Cc1cc(-c2ccc(N)cc2)c(/C=C2\C(=O)Nc3ccccc32)[nH]1,6.43,alk
151,COc1cc(C2=NC(C)N=C2)c(CCN)cc1Nc1ncc(Cl)c(Nc2ccccc2S(=O)(=O)C(C)C)n1,8.32,alk
152,CC(C)NC(=O)[C@H]1CC[C@@H](n2c(NC(=O)c3cccc(F)c3)nc3ccc(CN4CCC(C(C)(C)O)CC4)cc32)CC1,9.0,alk
153,Cc1[nH]nc2nc(Nc3ccc(C4CCNCC4)cc3)nc(Nc3ccccc3S(=O)(=O)C(C)C)c12,7.77,alk
154,C=Cc1ccc2c(c1)C(C)(C)c1[nH]c3cc(C#N)ccc3c1C2=O,7.83,alk
155,COc1ncccc1-c1c(C(N)=O)sc2cnc(Nc3cc(C)c(-n4ccnc4C)cc3OC(C)C)nc12,7.77,alk
156,COc1cc(Nc2nccc(N3CCC[C@H](C(=O)NCc4ccc(C)cc4)C3)n2)cc(OC)c1,6.49,alk
157,CC1(C)c2cc(N3CCN(C4COC4)CC3)c(Br)cc2C(=O)c2c1[nH]c1cc(C#N)ccc21,9.02,alk
158,O=C(O)CCc1cc(CCNS(=O)(=O)c2ccc(Cl)cc2)cc(Cc2ccc(F)cc2)c1,7.62,alk
159,CCNC(=O)[C@H]1CC[C@@H](n2c(NC(=O)c3ccccc3)nc3ccc(CN4CCCCC4)cc32)CC1,8.7,alk
160,CC1(C)c2cc(OCC(N)=O)ccc2C(=O)c2c1[nH]c1cc(C#N)ccc21,7.77,alk
161,COc1cc(C2CCNCC2)ccc1Nc1ncc2scc(-c3ccccc3N(C)CS(C)(=O)=O)c2n1,8.26,alk
162,CCc1cc2c(cc1NC(=O)CN1C[C@@H]3C(CO)[C@@H]3C1)C(C)(C)c1[nH]c3cc(C#N)ccc3c1C2=O,7.64,alk
163,CN1CCN(c2ccc(C(=O)Nc3n[nH]c4c3CN(C(=O)[C@H](O)c3ccccc3)C4)cc2)CC1,7.04,alk
164,Cn1cc(/C=C2\C(=O)NN=C2c2nccs2)c2c(OCc3cccc(F)c3F)cccc21,7.85,alk
165,C[C@@H](Oc1cc(-c2ccn(Cc3ccccc3)c(=O)c2)cnc1N)c1c(Cl)ccc(F)c1Cl,7.37,alk
166,CCc1nc(C(N)=O)c(Nc2ccc(N3CCC(N4CCN(C)CC4)CC3)c(C)c2)nc1NC1CCNCC1,9.0,alk
167,CCOc1cc2c(cc1N1CCC(N3CCOCC3)CC1)C(C)(C)c1[nH]c3cc(C#N)ccc3c1C2=O,8.66,alk
168,COc1cc(C2CCNCC2)ccc1Nc1ncc2sc(C)c(-c3cccc4c3OCC4)c2n1,7.85,alk
169,CN1CCN(Cc2ccc(C(=O)Nc3cc(-c4ccc(NC(=O)Nc5cc(C(C)(C)C)on5)cc4)n[nH]3)cc2)CC1,6.07,alk
170,COc1cc(N2CCN(CCO)CC2)ccc1Nc1ncc(Cl)c(Nc2ccccc2P(C)(C)=O)n1,9.74,alk
171,CC(=O)N1CCc2[nH]c(/C=C3\C(=O)Nc4ccc(OC(C)C)cc43)cc2C1,5.48,alk
172,C[C@H](O)CN1CCN(c2ccc(Nc3ncc4ccc(-c5ccccc5N(C)S(C)(=O)=O)n4n3)cc2)CC1,7.52,alk
173,CCc1nc(C(N)=O)c(Nc2ccc(C3CCN(C)CC3)cc2)nc1N[C@H]1CC[C@H](O)CC1,9.59,alk
174,CNC(=O)CCN1CCC(c2cc(OC(C)C)c(Nc3nc(Nc4ccccc4S(=O)(=O)C(C)C)c4c(C)[nH]nc4n3)cc2C)CC1,7.6,alk
175,CC1(C)c2ccc(OCC(=O)O)cc2C(=O)c2c1[nH]c1cc(Br)ccc21,6.06,alk
176,CC1(C)c2cc(OCCN3CCS(=O)(=O)CC3)ccc2C(=O)c2c1[nH]c1cc(C#N)ccc21,8.43,alk
177,CC(=O)N1CCc2nc(Nc3ncc(Cl)c(Nc4ccccc4S(=O)(=O)C(C)C)n3)sc2CC1,7.0,alk
178,CN1CCC(N2CCN(c3ccc(-c4ccc5[nH]c6nccc(-c7ccc(Cc8ccccc8)cc7)c6c5c4)cc3)CC2)CC1,5.82,alk
179,COc1cc(N2CCN(CCOCCOCCNC(=O)CNc3cccc4c3C(=O)N(C3CCC(=O)NC3=O)C4=O)CC2)ccc1Nc1ncc(Cl)c(Nc2ccccc2S(=O)(=O)C(C)C)n1,8.0,alk
180,COc1nc(N2CCN(C)CC2)ccc1Nc1ncc(Cl)c(Nc2ccccc2NS(=O)(=O)C2CC2)n1,5.41,alk
181,CC(C)NC(=O)[C@H]1CC[C@@H](n2c(NC(=O)c3ccc(C#N)c(F)c3)nc3ccc(CN4CCC(C(C)(C)O)CC4)cc32)CC1,9.0,alk
182,Fc1ccccc1Oc1ccnc2cc(-c3cnn(C4CCNCC4)c3)ccc12,7.46,alk
183,CC(C)NC(=O)[C@H]1CC[C@@H](n2/c(=N/C(=O)c3ccccc3)[nH]c3ccc(CN4CCC(C(C)(C)O)CC4)cc32)CC1,8.7,alk
184,COc1cc(N2CCN(C)CC2)ccc1Nc1ncc(Cl)c(NC[C@H]2CCCO2)n1,7.47,alk
185,CCc1cc2c(cc1N1CCC(NCCCO)CC1)C(C)(C)c1[nH]c3cc(C#N)ccc3c1C2=O,9.22,alk
186,CC1(C)c2cc(OCC(=O)NCCN(CCO)CCO)ccc2C(=O)c2c1oc1ccccc21,5.43,alk
187,COc1cc(N2CCN(C(C)C)CC2)ccc1Nc1nc(Nc2cccc(F)c2C(N)=O)c2cc[nH]c2n1,9.3,alk
188,COc1cc(NC(=O)NCCc2cccnc2)ccc1Nc1ncc(Cl)c(Nc2ccc(N3CCOCC3)c(OC)c2)n1,5.98,alk
189,COc1cc(F)ccc1-c1cccc2cnc(Nc3cc(C4CCNCC4)nn3C(C)C)nc12,7.47,alk
190,CCN(CC)CCOc1ccc2c(n1)C(C)(C)c1oc3cc(C#N)ccc3c1C2=O,6.4,alk
191,COc1ncccc1-c1c(C(N)=O)sc2cnc(Nc3cccc(N4CCN(C)CC4)c3OC(C)C)nc12,7.64,alk
192,CC(C)N1CCC(c2ccc3c(c2)C(C)(C)c2[nH]c4cc(C#N)ccc4c2C3=O)CC1,9.08,alk
193,COc1cc2c(cc1Nc1ncc(Cl)c(Nc3ccc(N4CCOCC4)cc3)n1)CCN(CC(=O)N(C)C)CC2,7.31,alk
194,CC1(C)c2cc(C(=O)NOCCO)ccc2C(=O)c2c1[nH]c1cc(C#N)ccc21,8.44,alk
195,CCc1cc2c(cc1N1CCN(CC3(O)CCCCC3)CC1)C(C)(C)c1[nH]c3cc(C#N)ccc3c1C2=O,8.15,alk
196,CCc1nc(C(N)=O)c(Nc2ccc(N3CCC(N4CCN(C)CC4)CC3)c(C(F)(F)F)c2)nc1N[C@H]1CC[C@H](O)CC1,9.19,alk
197,CCN(CC)CCOc1ccc2c(c1)C(C)(C)c1oc3cc(OC)ccc3c1C2=O,5.68,alk
198,CC1(C)c2cc(N3CCC(N4CCCC4)CC3)c(S(=O)(=O)N3CCCC3)cc2C(=O)c2c1[nH]c1cc(C#N)ccc21,8.06,alk
199,CCc1cc2c(cc1-c1cnn(C3CCNCC3)c1)C(C)(C)c1[nH]c3cc(C#N)ccc3c1C2=O,9.05,alk
200,CCS(=O)(=O)N1CCC(c2cc(OC(C)C)c(Nc3nc(Nc4ccccc4S(=O)(=O)C(C)C)c4c(C)[nH]nc4n3)cc2C)CC1,7.04,alk
201,CC1(C)c2cc(OCCNC(N)=O)ccc2C(=O)c2c1[nH]c1cc(C#N)ccc21,7.58,alk
202,Oc1ccc(-c2ccc3c(-c4ccc(O)cc4)n[nH]c3n2)cc1,6.89,alk
203,CC(=O)N1CC(N2CCC(COc3ccc4c(c3)C(C)(C)c3[nH]c5cc(Br)ccc5c3C4=O)CC2)C1,6.72,alk
204,CC1(C)c2cc(OCCNS(=O)(=O)N3CCOCC3)ccc2C(=O)c2c1[nH]c1cc(C#N)ccc21,7.8,alk
205,CN1CCN(Cc2ccc(NC(=O)c3n[nH]cc3Nc3ncnc4sccc34)cc2)CC1,7.03,alk
206,COC(=O)[C@H]1CC[C@@H](n2c(NC(=O)c3ccccc3)nc3ccc(CN4CCCCC4)cc32)CC1,8.52,alk
207,CC(C)NC(=O)[C@H]1CC[C@@H](n2/c(=N/C(=O)c3cccc(C#N)c3)[nH]c3ccc(CN4CCC(C(C)(C)O)CC4)cc32)CC1,9.0,alk
208,Cn1cc(-c2nc3c(N[C@H]4[C@@H](C(N)=O)[C@@H]5C=C[C@H]4C5)c(Cl)cnc3[nH]2)cn1,6.57,alk
209,Cc1ccc(CNC(=O)[C@H]2CCCN(c3ccnc(Nc4ccccc4)n3)C2)cc1,5.63,alk
210,COc1c(Nc2ncc(Cl)c(N[C@H]3[C@@H](C(N)=O)[C@@H]4C=C[C@H]3C4)n2)ccc2c1CCC[C@@H](N1CCN(CCO)CC1)C2,8.2,alk
211,CC#Cc1cc2c(cc1N1CCC(N3CCOCC3)CC1)C1(CCOCC1)c1[nH]c3cc(C#N)ccc3c1C2=O,9.05,alk
212,CCc1nc(C(N)=O)c(Nc2ccc(N3CCN(C4CC4)CC3)c(C(F)(F)F)c2)nc1N[C@H]1CC[C@H](O)CC1,9.03,alk
213,CN1CCN(c2ccc3cc2/C=C\c2cccc(c2)Nc2nc(ncc2Cl)N3)CC1,6.41,alk
214,CC(C)NC(=O)[C@H]1CC[C@@H](n2/c(=N/C(=O)c3cccc(Cl)c3)[nH]c3ccc(CN4CCC(C(C)(C)O)CC4)cc32)CC1,8.7,alk
215,C[C@H]1Oc2cc(cnc2N)-c2c(nn(C)c2C#N)CCOc2ccc(F)cc21,9.0,alk
216,CC1(C)c2cc(N3CCN(C4COC4)CC3)c(C#CC3CC3)cc2C(=O)c2c1[nH]c1cc(C#N)ccc21,9.06,alk
217,COc1cc(CN2CCN(C)CC2)ccc1NC(=O)c1cc(-c2ccc3c(c2)OCO3)cnc1O,4.86,alk
218,COc1ccc(C(C)(C)CN)cc1Nc1ncc(Cl)c(Nc2c(F)cccc2S(=O)(=O)C(C)C)n1,5.68,alk
219,Cn1cc(-c2cnc3[nH]cc(-c4cnn(Cc5cccc([N+](=O)[O-])c5)c4)c3c2)cn1,7.15,alk
220,Cc1cc(Nc2ncc(Cl)c(Nc3ccccc3S(=O)(=O)C(C)C)n2)c(OC(C)C)cc1C1CCN(C(=O)[C@@H]2CCCN2)CC1,7.89,alk
221,CCc1cc2c(cc1N1CCC(O)(C3CC3)CC1)C(C)(C)c1[nH]c3cc(C#N)ccc3c1C2=O,7.85,alk
222,COc1cnc(N2CCNCC2)cc1-c1cnc(N)c(O[C@H](C)c2c(Cl)ccc(F)c2Cl)c1,7.7,alk
223,CC1(C)c2cc(OC[C@H](O)CO)c(Br)cc2C(=O)c2c1[nH]c1cccc(Cl)c21,6.98,alk
224,CC1(C)c2cc(N3CCC(N4CCCCC4)CC3)ncc2C(=O)c2c1[nH]c1cc(C#N)ccc21,9.31,alk
225,COCCN1CCc2ccc(Nc3ncc(Cl)c(N[C@@H]4CCCC[C@H]4NC(=O)C(F)(F)F)n3)cc2CC1,7.66,alk
226,COc1cc2c(cc1Nc1ncc(Cl)c(Nc3ccc(N4CCOCC4)cc3OC)n1)CCN(CC(=O)N(C)C)CC2,8.4,alk
227,CN1CCN(c2ccc(-c3ccc4[nH]c5nccc(/C=C/c6ccccc6Cl)c5c4c3)cc2)CC1,6.49,alk
228,CC/C=C(\c1ccccc1)c1ccnc2[nH]c3ccc(-c4ccc(N5CCN(C)CC5)cc4)cc3c12,6.0,alk
229,CN1CCC(N2CCN(c3ccc(-c4ccc5[nH]c6nccc(/C=C/c7ccccc7C(F)(F)F)c6c5c4)cc3)CC2)CC1,5.54,alk
230,Cc1cc(Nc2ncnc(Nc3cn(C)nc3S(=O)(=O)C(C)C)n2)c(OC2CC2)cc1C1CCN(C)CC1,7.44,alk
231,CCc1cc2c(cc1N1CCN(CC3(O)CCNCC3)CC1)C(C)(C)c1[nH]c3cc(C#N)ccc3c1C2=O,8.85,alk
232,CC(C)NC(=O)[C@H]1CC[C@@H](n2c(NC(=O)c3ccc(F)cc3)nc3ccc(CN4CCC(C(N)=O)CC4)cc32)CC1,8.85,alk
233,CN(C)S(=O)(=O)Oc1ccc2c(c1)C(C)(C)c1[nH]c3cc(C#N)ccc3c1C2=O,7.29,alk
234,Cc1cc(Nc2nc(Nc3ccccc3S(=O)(=O)C(C)C)c3c[nH]nc3n2)c(OC(C)C)cc1C1CCN(C[C@@H](O)C(F)(F)F)CC1,7.54,alk
235,Cc1cc(NC2CCN(C)CC2)ccc1-c1cc2c(N3CCC[C@H](C(=O)NCc4cccc(OC(F)(F)F)c4)C3)ncnc2[nH]1,9.19,alk
236,CCN1C(=O)CCCc2cc(Nc3ncc(Cl)c(N[C@H]4[C@@H](C(N)=O)[C@@H]5C=C[C@H]4C5)n3)c(OC)cc21,8.15,alk
237,COc1cc(N2CCN(CC(=O)N3CCN(C)CC3)C2=O)ccc1Nc1ncc(Cl)c(Nc2ccccc2S(=O)(=O)C(C)C)n1,8.68,alk
238,Cc1cc(-c2ccc(NCCN)cc2)c(/C=C2\C(=O)Nc3ccccc32)[nH]1,6.83,alk
239,CC(c1ccc(F)cc1)c1cc(CCNS(=O)(=O)c2ccc(Cl)cc2)cc(CCC(=O)O)c1,8.0,alk
240,CC1(C)c2ccc(C3CCN(C4CC4)CC3)cc2C(=O)c2c1[nH]c1cc(C#N)ccc21,7.36,alk
241,COc1cc(N2CCN(CCCN)C2=O)ccc1Nc1ncc(Cl)c(Nc2ccccc2S(=O)(=O)C(C)C)n1,8.33,alk
242,Cn1cc(-c2cc3c(cc2N2CCOCC2)C(C)(C)c2[nH]c4cc(C#N)ccc4c2C3=O)cn1,9.09,alk
243,CC1(C)c2cc(N3CCOCC3)ccc2C(=O)c2c1[nH]c1cc(C#N)ccc21,7.73,alk
244,COc1cc2c(cc1Nc1ncc(Cl)c(N[C@H]3[C@@H](C(N)=O)[C@@H]4C=C[C@H]3C4)n1)CCC(N1CCOCC1)CC2,8.22,alk
245,Fc1ccc(Oc2ccnc3cc(-c4cnn(C5CCNCC5)c4)ccc23)cc1,6.59,alk
246,CC(=O)/C=C/c1c(Oc2cc(C(F)(F)F)ccc2Cl)nc[nH]c1=O,5.01,alk
247,CCc1nc(C)c(C=C2C(=O)Nc3ccccc32)[nH]1,5.86,alk
248,C=CC(=O)Nc1cc(Nc2nccc(-c3cn(C)c4ccccc34)n2)c(OC)cc1N(C)CCN(C)C,6.75,alk
249,CC(C)NC(=O)[C@H]1CC[C@@H](n2/c(=N/C(=O)c3ccc(F)cc3)[nH]c3ccc(CN4CCS(=O)(=O)CC4)cc32)CC1,8.7,alk
250,COc1cc(N2CCN(C(C)=O)CC2)ccc1Nc1ccnc(Nc2ccc(N3CCN(C(C)=O)CC3)cc2OC)n1,6.92,alk
251,Oc1ccc(Nc2nc(-c3ccccc3O)nc3ccccc23)cc1,5.37,alk
252,COCCN1CCc2ccc(Nc3ncc(Cl)c(N[C@@H]4CCCC[C@H]4NS(=O)(=O)C4CC4)n3)cc2CC1,6.96,alk
253,COc1ccccc1-c1nc2c(N[C@H]3[C@@H](C(N)=O)[C@@H]4C=C[C@H]3C4)c(Cl)cnc2[nH]1,7.8,alk
254,COc1cc(P(C)(C)=O)ccc1Nc1ncc(Cl)c(Nc2ccccc2P(C)(C)=O)n1,8.97,alk
255,COc1cc(Nc2nccc(N3CCC[C@H](C(=O)NCc4ccccc4C)C3)n2)cc(OC)c1OC,6.47,alk
256,CN1CCN(c2ccc(C(=O)Nc3n[nH]c4ccc(Cc5cccc(F)c5)cc34)c(NC3CCOCC3)c2)CC1,7.52,alk
257,COc1nc(N2CCN(C(C)C)CC2)ncc1-c1cnc(N)c(OC(C)c2c(Cl)ccc(F)c2Cl)c1,6.4,alk
258,COCCOc1cc2c(cc1N1CCC(N3CCOCC3)CC1)C(C)(C)c1c(c3ccc(C#N)cc3n1CCOC)C2=O,8.07,alk
259,CCOc1ccc2c3c(oc2c1)C(C)(C)c1cc(OCCN(CC)CC)ccc1C3=O,5.87,alk
260,COc1cc2c(cc1C#CC(=O)O)C(=O)c1c([nH]c3cc(C#N)ccc13)C2(C)C,8.18,alk
261,CCc1nc(C(N)=O)c(Nc2ccc(N3CCC(N4CCN(C)CC4)CC3)c(C)c2)nc1NC1CCN(C)CC1,8.72,alk
262,Cc1cc(Nc2ncc(Cl)c(Nc3cn(C)nc3S(=O)(=O)C(C)C)n2)c(OC2CC2)cc1S(C)(=O)=O,8.05,alk
263,COc1cc2nc(NCCSSCCNC(=O)c3ccco3)nc(N)c2cc1OC,7.27,alk
264,CC1(C)c2cc(OCC(=O)O)ccc2C(=O)c2c1[nH]c1cc(C#N)ccc21,7.34,alk
265,CC(C)Oc1cc2c(cc1Nc1ncc(Cl)c(Nc3ccccc3S(=O)(=O)C(C)C)n1)C(=O)N(C1CCN(C(=O)[C@@H]3CCCN3)CC1)C2,7.54,alk
266,COc1ccccc1C#Cc1cc(-c2csc(NC(=O)c3ccc(CN4CCN(C)CC4)cc3)n2)ccc1C,4.64,alk
267,CCOc1cc(C2CCN(C)CC2)ccc1Nc1ncc2c(n1)N(Cc1sccc1C)[C@H](CC)C(=O)N2C,5.99,alk
268,O=C1c2ccc(OC[C@@H](O)[C@H](O)CO)cc2C2(CCCCC2)c2oc3ccccc3c21,7.03,alk
269,CC(Oc1cccnc1Nc1cnn(C)c1)c1cccc(C(=O)NCc2ccc(OC(F)(F)F)cc2)c1,5.05,alk
270,COc1cc(N2CCN(C)CC2)c2cc1Nc1ncc(Cl)c(n1)Nc1cc(ccc1N(C)S(C)(=O)=O)CC2,9.29,alk
271,CCN(CC)CCOc1ccc2c(n1)C(C)(C)c1[nH]c3cc(C#N)ccc3c1C2=O,8.19,alk
272,CC(C)NC(=O)[C@H]1CC[C@@H](n2c(NC(=O)c3ccc(F)cc3)nc3ccc(CN4CCNC(=O)C4)cc32)CC1,8.7,alk
273,COc1ccc(-c2cnc(O)c(C(=O)Nc3ccc(CN4CCN(C)CC4)cc3)c2)cn1,5.52,alk
274,CN1CCN(c2ccc(-c3cnc4c(c3)C(Cc3cc(F)ccc3F)CCN4)cn2)CC1,5.81,alk
275,COc1cc(N2CCC(N3CCN(C)CC3)CC2)ccc1Nc1cc(N2CCC[C@H](C(=O)NCc3ccc(OC(F)(F)F)cc3)C2)ccn1,6.38,alk
276,COc1ccc(Cc2cc(CCNS(=O)(=O)c3ccc(Cl)cc3)cc(CCC(=O)O)c2)cc1,7.64,alk
277,COc1cc(C(F)(F)F)ccc1-c1cccc2cnc(Nc3ccc(C4CCN(C(=O)OC(C)(C)C)CC4O)c4c3OCC4)nc12,8.64,alk
278,Cc1nn(Cc2cc(F)ccc2F)c(C)c1-c1c[nH]c2ncc(-c3cnn(C)c3)cc12,7.2,alk
279,C#CC(C)(C)N1CCN(c2cc3c(cc2C(C)=O)C(=O)c2c([nH]c4cc(C#N)ccc24)C3(C)C)CC1,8.58,alk
280,O=C(c1ccc(-c2cnc3c(c2)N(Cc2ccccc2)CCN3)cc1)N1CCC[C@H]1CN1CCCC1,6.59,alk
281,COc1cc(C2CCOCC2)c(C)cc1Nc1nc(Nc2ccccc2S(=O)(=O)C(C)C)c2c(C)[nH]nc2n1,8.22,alk
282,CC(C)S(=O)(=O)c1ccccc1Nc1nc(Nc2nc3c(s2)CN(CC(=O)N2CCOCC2)CC3)ncc1Cl,6.11,alk
283,CC1(C)c2cc(CN3CCN(S(C)(=O)=O)CC3)ccc2C(=O)c2c1[nH]c1cc(C#N)ccc21,8.46,alk
284,CN(Cc1ccccc1)C(=O)[C@H](Cc1cccc2ccccc12)NC(=O)[C@@H]1C[C@@H](O)CN1C(=O)C1C=[N+](C)c2ccccc21,8.39,alk
285,Cn1ncc2c1-c1cnc(N)c(c1)OCc1cc(F)ccc1OCCCC2,6.28,alk
286,COc1cc(N2CCNCC2)ccc1Nc1ncc(C(F)(F)F)c(Nc2ccc(N3CCNCC3)cc2OC)n1,8.52,alk
287,NC(=O)[C@H]1[C@@H]2C=C[C@@H](C2)[C@H]1Nc1c(Br)cnc2[nH]c(-c3ccc(N4CCOCC4)cc3)nc12,7.54,alk
288,Cn1c2c(c3ccc(C(=O)Nc4ccccc4)cc31)C(=O)c1ccc(OC[C@@H](O)[C@H](O)CO)cc1C2(C)C,4.89,alk
289,COc1cc(C(N)=O)ccc1-c1cccc2cnc(Nc3ccc(C4CCNCC4)c4c3OCC4)nc12,8.6,alk
290,COc1cc(N2CCN(C(C)=O)CC2)ccc1Nc1ncc(Cl)c(Nc2ccc(N3CCN(C(=O)OC(C)(C)C)CC3)cc2OC)n1,7.07,alk
291,Cc1nnsc1C1=NNC(=O)/C1=C\c1cn(C)c2cccc(OCc3ccncc3)c12,7.26,alk
292,CC(C)Oc1cc2c(cc1Nc1ncc(Cl)c(Nc3ccccc3S(=O)(=O)C(C)C)n1)C(=O)N(C1CCN(C(=O)C3CNC3)CC1)C2,7.06,alk
293,Fc1ccc(Oc2ccnc3cc(-c4cnn(C5CCNCC5)c4)ccc23)cc1F,6.83,alk
294,CCc1cccc(Nc2nccc(N3CCC[C@H](C(=O)NCc4ccc(C)cc4)C3)n2)c1,6.04,alk
295,CC1(C)c2cc(CNCC(F)(F)F)ccc2C(=O)c2c1[nH]c1cc(C#N)ccc21,7.93,alk
296,Cc1cc(-c2ccc(N)cc2)c(/C=C2\C(=O)Nc3ccc(N)cc32)[nH]1,7.17,alk
297,COc1cc(N2CCC(N3CCN(C)CC3)CC2)c(F)cc1Nc1ncc(Cl)c(Nc2ccccc2P(C)(C)=O)n1,9.0,alk
298,CCOc1cc(-c2cnc(N)c(O[C@H](C)c3c(Cl)ccc(F)c3Cl)c2)cnc1C1=CCNCC1,7.11,alk
299,COc1cc(N2CCN(C)CC2)ccc1Nc1cc(N2CCC[C@H](C(=O)NCc3ccc(OC(F)(F)F)cc3)C2)ccn1,6.31,alk
300,CN1CCN(c2ccc(-c3cnc4c(c3)N(Cc3cc(Cl)ccc3Cl)CCN4)cn2)CC1,7.96,alk
301,COc1cc2c(Oc3ccc(NC(=O)c4cc5cccnc5n(-c5ccc(F)cc5)c4=O)cc3F)ccnc2cc1OCCCN1CCN(C)CC1,6.7,alk
302,Cc1ccc(CNC(=O)c2cccc(C(C)Oc3ccnc(Nc4cnn(C)c4)c3)c2)cc1,5.17,alk
303,CC(C)NC(=O)[C@H]1CC[C@@H](n2/c(=N/C(=O)c3cc(F)cc(F)c3)[nH]c3ccc(CN4CCC(C(C)(C)O)CC4)cc32)CC1,9.0,alk
304,Cc1cc(NC(=O)Nc2ccc(-c3cc(NC(=O)c4ccc(CN5CCN(C)CC5)cc4)[nH]n3)cc2C)no1,5.25,alk
305,CCc1nc(C(N)=O)c(Nc2ccc(N3CCN(C)CC3)c(C)c2)nc1N[C@H]1CC[C@@](C)(O)CC1,9.66,alk
306,CNC(=O)c1ccccc1Nc1nc(Nc2ccc3c(c2OC)CCCC(N2CCN(CCO)CC2)C3)ncc1Cl,8.47,alk
307,O=c1c2cc(O)c(O)cc2oc2cc(O)c(C3O[C@H](CO)[C@@H](O)[C@H](O)[C@H]3O)c(O)c12,6.09,alk
308,CCN1C(=O)CCCc2c1ccc(Nc1ncc(Cl)c(Nc3ccccc3S(=O)(=O)N(C)C)n1)c2OC,8.1,alk
309,Oc1ccc(-c2ccc3c(-c4ccc(N5CCOCC5)cc4)n[nH]c3n2)cc1,6.37,alk
310,CC(=O)N1CCN(CCOc2ccc3c(c2)C(C)(C)c2oc4ccccc4c2C3=O)CC1,5.72,alk
311,CC(C)[Si](C#Cc1ccc(-c2csc(NC(=O)c3ccc(CN4CCN(C)CC4)cc3)n2)cc1)(C(C)C)C(C)C,5.72,alk
312,COc1cc(C)cc(-c2nn(CC#N)cc2-c2cc(NCCCN3CCOCC3)nc(-c3cccnc3)n2)c1,5.21,alk
313,COCc1cn(-c2cc(C)n[nH]2)c2nc(OC(C)c3ccc(F)cn3)ccc12,8.49,alk
314,COc1cc(-c2cnc(N)c(O[C@H](C)c3c(Cl)ccc(F)c3Cl)c2)cnc1N1CCN(C)C[C@@H]1C,7.38,alk
315,CC(C)NC(=O)[C@H]1CC[C@@H](n2/c(=N/C(=O)c3ccc(F)cc3)[nH]c3ccc(Cn4cncn4)cc32)CC1,8.7,alk
316,COc1cc(C(C)(C)CN(C)C)c(C)cc1Nc1ncc(Cl)c(Nc2ccccc2S(=O)(=O)C(C)C)n1,8.66,alk
317,CC1(C)c2ccc(N3CCN(C4COC4)CC3)cc2C(=O)c2c1[nH]c1cc(C#N)ccc21,7.9,alk
318,CN1CCN(Cc2ccc(N(C)C(=O)c3cc(-c4ccc5c(c4)OCO5)cnc3O)cc2)CC1,5.43,alk
319,COc1c(Nc2ncc3ccc(-c4ccccc4N(C)S(C)(=O)=O)n3n2)ccc(N2CCN(C[C@H](C)O)CC2)c1F,7.25,alk
320,CC1(C)c2cc(N3CCN(C4CC4)CC3)c(-c3ccccc3)cc2C(=O)c2c1[nH]c1cc(C#N)ccc21,7.83,alk
321,CC1(C)c2cc(OC[C@@H](O)[C@H](O)CO)ccc2C(=O)c2c1[nH]c1ccc(C#N)cc21,6.05,alk
322,CC1(C)c2cc(C(O)CO)ccc2C(=O)c2c1[nH]c1cc(C#N)ccc21,7.92,alk
323,COc1cc(N2CCN(C(C)C)CC2)ccc1-c1n[nH]c2nc(-c3ccc(O)c(F)c3)ccc12,7.28,alk
324,c1ccc(Nc2ccnc3ccccc23)cc1,3.83,alk
325,COc1cc(C2CCN(CCS(C)(=O)=O)CC2)c(C)cc1Nc1nc(Nc2ccccc2S(=O)(=O)C(C)C)c2c(C)[nH]nc2n1,7.37,alk
326,CC(C)Cn1c2ccc(Nc3ncccn3)cc2c2c3c(c4c(c21)CCc1nn(C)cc1-4)C(=O)NC3,6.88,alk
327,COc1cc(N2CCNCC2)ccc1Nc1cc(N2CCC[C@H](C(=O)NCc3ccc(OC(F)(F)F)cc3)C2)ccn1,6.76,alk
328,CC(C)NC(=O)[C@H]1CC[C@@H](n2c(NC(=O)c3ccc(F)cc3)nc3ccc(CN4CCNCC4)cc32)CC1,8.8,alk
329,CC1(C)c2cc(N3CCC(NS(C)(=O)=O)CC3)c(Cl)cc2C(=O)c2c1[nH]c1cc(C#N)ccc21,8.73,alk
330,Cc1cc(Nc2ncc(Cl)c(Nc3cn(C)nc3S(=O)(=O)C(C)C)n2)c(C(F)(F)F)cc1C1CCN(C)CC1,7.66,alk
331,CC(C)NC(=O)[C@H]1CC[C@@H](n2/c(=N/C(=O)c3ccc(F)cc3)[nH]c3ccc(CN4CCC[C@H]4C(N)=O)cc32)CC1,8.7,alk
332,COc1ncccc1-c1cnc(N)c(O[C@H](C)c2cc(F)ccc2-n2nccn2)n1,8.01,alk
333,CCN1CCc2ccc(Nc3ncc(Cl)c(N[C@@H]4CCCC[C@H]4NC(=O)C(F)(F)F)n3)cc2CC1,7.59,alk
334,CCOC(=O)N1CCc2nc(Nc3ncc(Cl)c(Nc4ccccc4S(=O)(=O)C(C)C)n3)sc2CC1,6.75,alk
335,Cc1cc(-n2cc(S(C)(=O)=O)c3ccc(N[C@@H](C)c4ccc(F)cn4)nc32)n[nH]1,8.48,alk
336,CCc1cc2c(cc1NC(=O)N1CCC(C(C)(C)O)CC1)C(C)(C)c1[nH]c3cc(C#N)ccc3c1C2=O,7.68,alk
337,CC(C)NC(=O)[C@H]1CC[C@@H](n2/c(=N/C(=O)c3ccc(F)cc3)[nH]c3ccc(CNCC(C)(C)O)cc32)CC1,9.0,alk
338,CC1(C)c2cc(C3CCN(CC4CCOC4)CC3)ccc2C(=O)c2c1[nH]c1cc(C#N)ccc21,7.48,alk
339,C[C@H]1CN(C2CCN(c3cc4c(cn3)C(=O)c3c([nH]c5cc(C(N)=O)ccc35)C4(C)C)CC2)C[C@@H](C)O1,6.94,alk
340,CN1CCC(Oc2cc3c(cc2[N+](=O)[O-])C(=O)c2c([nH]c4cc(C#N)ccc24)C3(C)C)CC1,9.0,alk
341,CCN(CC)C(=O)[C@H]1CC[C@@H](n2/c(=N/C(=O)c3ccccc3)[nH]c3ccc(CN4CCCCC4)cc32)CC1,7.62,alk
342,CN1CCN(c2ccc(C(=O)Nc3n[nH]c4ccc(Cc5cc(F)cc(F)c5)cc34)c(NCCO)c2)CC1,7.59,alk
343,CC1(C)c2cc(OC[C@H](O)CO)ccc2C(=O)c2c1[nH]c1cc(-c3cccs3)ccc21,6.42,alk
344,COc1cc2c(cc1Nc1ncc(Cl)c(Nc3ccccc3S(=O)(=O)C(C)C)n1)c(=O)n(OC)c1ccccc21,6.72,alk
345,Cc1cc(Nc2nc(Nc3ccccc3S(=O)(=O)C(C)C)c3c(C)[nH]nc3n2)c(OC(C)C)cc1C1CCN([C@H]2CCS(=O)(=O)C2)CC1,7.72,alk
346,C#Cc1cc2c(cc1N1CCN(C3COC3)CC1)C(C)(C)c1[nH]c3cc(C#N)ccc3c1C2=O,8.57,alk
347,COc1ccccc1C1=C(C)SC2C=NC(Nc3cc(C4CCNCC4)nn3C(C)C)=NC12,8.57,alk
348,CCN1CCc2ccc(Nc3ncc(Cl)c(N[C@@H]4CCCC[C@H]4NS(C)(=O)=O)n3)cc2CC1,8.05,alk
349,CCN(C)C(=O)c1ccc2c(c1)NC(=O)C2C(=Nc1ccc(CN2CCCCC2)cc1)c1ccccc1,5.4,alk
350,CC(C)[Si](OCC#Cc1cccc(-c2csc(NC(=O)c3ccc(CN4CCN(C)CC4)cc3)n2)c1)(C(C)C)C(C)C,5.38,alk
351,CC(C)N1CCC(Cc2ccc3c(c2)C(C)(C)c2[nH]c4cc(C#N)ccc4c2C3=O)CC1,8.64,alk
352,CCOc1cc(C2CCN(C)CC2)ccc1Nc1ncc2c(n1)N(Cc1cc(C)cs1)[C@H](CC)C(=O)N2C,6.33,alk
353,CC(C)N1CCN(c2ccc3c(c2)C(C)(C)c2[nH]c4cc(C#N)ccc4c2C3=O)CC1,8.74,alk
354,CCN(C)C(=O)c1ccc2c(c1)NC(=O)/C2=C(\Nc1ccc(CN2CCCCC2)cc1)c1ccccc1,5.4,alk
355,NC(=O)[C@H]1CC[C@@H](n2c(NC(=O)c3ccccc3)nc3ccc(CN4CCCCC4)cc32)CC1,7.74,alk
356,CC(C)NC(=O)[C@H]1CC[C@@H](n2c(NC(=O)c3ccc(F)cc3)nc3ccccc32)CC1,8.15,alk
357,Cc1cc(OCc2ccc(-c3ccnc4[nH]c5ccc(-c6ccc(N7CCN(C)CC7)cc6)cc5c34)cc2)ccc1Cl,6.96,alk
358,c1ccc(Nc2ccnc3cc(-c4cn[nH]c4)ccc23)cc1,5.06,alk
359,COc1c(-c2cnc(N)c(O[C@H](C)c3c(Cl)ccc(F)c3Cl)c2)cncc1N1CCNCC1,6.98,alk
360,COc1cc(C2CCN(C)CC2)c(C)cc1Nc1nc(Nc2ccccc2S(=O)(=O)C(C)C)c2c(C)[nH]nc2n1,8.7,alk
361,CC1(C)c2cc(OC3CCOC34CCN(C3COC3)CC4)ccc2C(=O)c2c1[nH]c1cc(Br)ccc21,7.1,alk
362,Cc1cc(Nc2nc(Nc3ccccc3S(=O)(=O)C(C)C)c3c(C)[nH]nc3n2)c(OC(C)C)cc1C1CCN(C(=O)CCN2CCC2)CC1,7.34,alk
363,CN1CCN(Cc2ccc(NC(=O)c3cc(-c4ccc5nccnc5c4)c[nH]c3=O)cc2)CC1,5.26,alk
364,CC1(C)c2cc(C(=O)O)ccc2C(=O)c2c1[nH]c1cc(C#N)ccc21,7.22,alk
365,CCc1cc2c(cc1N1CCC(NCC3CC3)CC1)C(C)(C)c1[nH]c3cc(C#N)ccc3c1C2=O,9.09,alk
366,Cc1nn(C)cc1-c1cnc(N)c(O[C@H](C)c2cc(F)ccc2-n2nccn2)c1,7.85,alk
367,CNC(=O)CN1CCC(c2ccc(Nc3ncc4ccc(-c5ccccc5OC)n4n3)c(OC)c2)CC1,8.0,alk
368,COc1ccc(NC(=O)CNC(=O)c2cc(C(C)C)c(O)cc2O)cc1Nc1ncc(Cl)c(Nc2ccccc2S(=O)(=O)C(C)C)n1,8.77,alk
369,COc1c(Nc2ncc(Cl)c(N[C@H]3[C@@H](C(N)=O)[C@@H]4C=C[C@H]3C4)n2)ccc2c1CCC[C@@H](N1CCOCC1)C2,8.82,alk
370,CN1CCN(c2ccc(-c3ccc4[nH]c5nccc(/C=C/c6ccc(C(F)(F)F)cc6)c5c4c3)cc2)CC1,6.92,alk
371,C[C@H]1Oc2cc(cnc2N)-c2c(C3CC3)nn(C)c2CN(C)C(=O)c2ccc(F)cc21,8.24,alk
372,CC1(C)c2cc(C3CCN(CC4COC4)CC3)ccc2C(=O)c2c1[nH]c1cc(C#N)ccc21,8.09,alk
373,COc1cc(C2CCN(C)CC2)ccc1Nc1ncc2ccc(-c3ccccc3OC)n2n1,8.22,alk
374,COC(=O)Cn1c2c(c3ccc(Br)cc31)C(=O)c1ccc(OC[C@@H](O)[C@H](O)CO)cc1C2(C)C,6.23,alk
375,COc1cc(N2CCC(N3CCOCC3)CC2)ccc1Nc1ncc2ccc(-c3ccccc3N(C)S(C)(=O)=O)n2n1,8.15,alk
376,CC(C)S(=O)(=O)c1ccc2cc1Nc1nc(ncc1Cl)Nc1ccc(N3CCN(C)CC3)c(c1)CC2,8.43,alk
377,CN1CCN(c2ccc(-c3ccc4[nH]c5nccc(N6CCC(Cc7ccccc7)CC6)c5c4c3)cc2)CC1,7.49,alk
378,COc1ccc2c3c(n(C)c2c1)C(C)(C)c1cc(OC[C@H](O)CO)ccc1C3=O,5.79,alk
379,Oc1ccc(-c2ccc3c(-c4ccc(CN5CCCC5)o4)n[nH]c3n2)cc1,6.6,alk
380,COc1cc2c(cc1Br)C(C)(C)c1[nH]c3cc(C#N)ccc3c1C2=O,7.53,alk
381,CN1CCC(N2CCN(c3ccc(-c4ccc5[nH]c6nccc(Nc7ccccc7[N+](=O)[O-])c6c5c4)cc3)CC2)CC1,6.05,alk
382,CCNC(=O)N1CCN(c2ccc(Nc3nc(Nc4ccc(N5CCN(C(C)=O)CC5)cc4OC)ncc3F)c(OC)c2)CC1,7.51,alk
383,O=C(O)CCc1cc(CCNS(=O)(=O)c2ccc(Cl)cc2)cc(C(=O)c2ccc(F)cc2)c1,8.21,alk
384,CN(C)CC(=O)NCCOc1ccc2c(c1)C(C)(C)c1oc3ccccc3c1C2=O,5.59,alk
385,Cc1ccc(CNC(=O)c2cccc(C(C)Oc3ccnc(Nc4cn(C)nc4C)c3)c2)cc1,5.46,alk
386,CC1(C)c2cc(OCCn3ccnc3)ccc2C(=O)c2c1oc1ccccc21,5.74,alk
387,CN1CCN(c2ccc(-c3ccc4[nH]c5nccc(-c6ccc(-c7ccccc7)cc6)c5c4c3)cc2)CC1,6.18,alk
388,COCCN1CCc2ccc(Nc3ncc(Cl)c(NC4CCCCC4)n3)cc2CC1,7.11,alk
389,COc1cc(N2CCN(C[C@@H](C)O)CC2)ccc1Nc1ncc2ccc(-c3ccccc3OC)n2n1,8.42,alk
390,CNC(=O)c1nn(C)cc1Nc1nc(Nc2cc(C)c(C3CCN(C)CC3)cc2OC2CC2)ncc1Cl,7.92,alk
391,CC(C)N(CCSc1ccc2c(c1)C(C)(C)c1oc3ccccc3c1C2=O)C(C)C,6.38,alk
392,Cc1cc(-n2cc(C(=O)N(C)C)c3ccc(N[C@@H](C)c4ccc(F)cn4)nc32)[nH]n1,8.74,alk
393,CC(C)S(=O)(=O)c1ccccc1Nc1nc(Nc2nc3c(s2)CCN(CCN2CCOCC2)CC3)ncc1Cl,7.17,alk
394,COc1ccc(CCN(CCO)CCO)cc1Nc1ncc(Cl)c(Nc2ccccc2S(=O)(=O)C(C)C)n1,7.4,alk
395,Cc1ccc(Nc2ccnc3cc(-c4cnn(C5CCNCC5)c4)ccc23)cc1,6.7,alk
396,CN1CCN(c2ccc(C(=O)Nc3n[nH]c4ccc(Cc5cc(F)cc(F)c5)cc34)c(N[C@H]3CC[C@@H](O)CC3)c2)CC1,7.01,alk
397,COc1cc(C2CCN(CC(O)CF)CC2)ccc1Nc1ncc2ccc(-c3ccccc3OC)n2n1,8.52,alk
398,CCc1nc(C(N)=O)c(Nc2ccc(N3CCN(C(C)C)CC3)c(C)c2)nc1N[C@H]1CC[C@H](O)CC1,9.31,alk
399,COc1ccc(F)cc1-c1cccc2cnc(Nc3ccc(C4CCN(C(=O)OC(C)(C)C)CC4)c4c3OCC4)nc12,7.85,alk
400,Nc1ccc2c(c1)/C(=C/c1ccc[nH]1)C(=O)N2,4.96,alk
401,COc1cc(C2CCN(CC(N)=O)CC2)ccc1Nc1ncc2ccc(-c3ccccc3N(C)S(C)(=O)=O)n2n1,7.82,alk
402,COc1cc(O)c2c(c1)CCC[C@H](O)[C@H](O)C(=O)/C=C\C[C@H](C)OC2=O,6.12,alk
403,CC(C)NC(=O)[C@H]1CC[C@@H](n2/c(=N/C(=O)c3ccc(F)cc3)[nH]c3ccc(CN4CCC[C@H]4C(C)(C)O)cc32)CC1,8.59,alk
404,COc1cc2c(cc1S(=O)(=O)N1CCN(C)CC1)C(=O)c1c([nH]c3cc(Br)ccc13)C2(C)C,7.02,alk
405,CC(C)c1nc(C(N)=O)c(Nc2ccc(N3CCN(C)CC3)cc2)nc1NC1CCOCC1,8.35,alk
406,COC(=O)N1CCN(c2ccc(Nc3nc(Nc4ccc(N5CCN(C(C)=O)CC5)cc4OC)ncc3F)c(OC)c2)CC1,7.72,alk
407,Cc1cc2c3c([nH]c2cc1Cl)C(C)(C)c1cc(OC[C@@H](O)[C@H](O)CO)ccc1C3=O,5.78,alk
408,Cc1ccc(-c2csc(NC(=O)c3ccc(CN4CCN(C)CC4)cc3)n2)cc1C#C[Si](C(C)C)(C(C)C)C(C)C,5.89,alk
409,COc1cc(N2CCN(CC(=O)N3CCC(=O)CC3)C2=O)ccc1Nc1ncc(Cl)c(Nc2ccccc2S(=O)(=O)C(C)C)n1,8.28,alk
410,CC(=O)N1CCN(c2ccc(Nc3ncc(Cl)c(Nc4ccc(N5CCN(C(C)=O)CC5)cc4)n3)cc2)CC1,6.52,alk
411,CCc1cc2c(cc1NC(=O)CN1CC3CN(C)CC3C1)C(C)(C)c1[nH]c3cc(C#N)ccc3c1C2=O,7.62,alk
412,CC1(C)c2cc(OCCNC3(CO)CCCC3)ccc2C(=O)c2c1oc1ccccc21,6.05,alk
413,CCc1cc2c(cc1N1CCN(CC3(O)CC(C)OC(C)C3)CC1)C(C)(C)c1[nH]c3cc(C#N)ccc3c1C2=O,8.62,alk
414,C[C@H]1Oc2cc(cnc2N)-c2c(nn(C)c2C#N)CCCOc2ccc(F)cc21,9.05,alk
415,Cc1nnsc1C1=NNC(=O)/C1=C\c1cn(C)c2cccc(OCc3ccccn3)c12,6.8,alk
416,NC(=O)[C@H]1[C@@H]2C=C[C@@H](C2)[C@H]1Nc1c(Cl)cnc2[nH]c(-c3cnn(C4CCNCC4)c3)nc12,7.38,alk
417,O=C1CNc2ncc(-c3ccc(C(=O)N4CCC[C@H]4CN4CCCC4)cc3)cc2N1Cc1cc(F)ccc1F,6.84,alk
418,CCN1CCC(c2ccc(Nc3nc(Nc4ccccc4S(=O)(=O)C(C)C)c4c(C)[nH]nc4n3)cc2)C1,8.0,alk
419,COc1cc2c(cc1Nc1ncc(Cl)c(Nc3ccc(C(N)=O)cc3OC)n1)CCN(CC(=O)N(C)C)CC2,8.22,alk
420,CC1(C)c2cc(OC[C@@H](O)[C@H](O)CO)ccc2C(=O)c2c1oc1cc(OC[C@H](O)CO)ccc21,6.38,alk
421,C=Cc1cc2c(cc1N1CCOCC1)C(C)(C)c1[nH]c3cc(C#N)ccc3c1C2=O,8.69,alk
422,COc1cc(N2CCNCC2)ccc1-c1cnc(N)c(OC(C)c2cc(F)ccc2C(F)F)c1,6.64,alk
423,COc1cc(N2CCN(C)C[C@@H]2C)ncc1-c1cnc(N)c(O[C@H](C)c2c(Cl)ccc(F)c2Cl)c1,7.65,alk
424,COc1cc(P(C)(C)=O)ccc1Nc1ncc(Cl)c(Nc2ccccc2S(C)(=O)=O)n1,9.48,alk
425,CN1CCN(Cc2ccc(NC(=O)c3cc(-c4ccc5c(c4)OCO5)cnc3Cl)cc2)CC1,4.57,alk
426,COc1cc([C@@H]2CCN(CCO)C[C@@H]2O)ccc1Nc1ncc2ccc(-c3ccccc3OC)n2n1,8.52,alk
427,CCN(CCO)CCOc1ccc2c(c1)C(C)(C)c1oc3ccccc3c1C2=O,6.1,alk
428,CC(C)Oc1ccc(NC(=O)CNC(=O)c2cc(C(C)C)c(O)cc2O)cc1Nc1ncc(Cl)c(Nc2ccccc2S(=O)(=O)C(C)C)n1,8.48,alk
429,CCc1nc(C(N)=O)c(Nc2ccc(N3CCC(N4CCN(C)CC4)CC3)c(C)c2)nc1NC1CCOCC1,8.82,alk
430,CC(Oc1cccnc1Nc1cnn(C)c1)c1cccc(C(=O)NCc2ccc(F)c(Cl)c2)c1,5.02,alk
431,CC1(C)c2cc(C(=O)N3CCN(CCO)CC3)ccc2C(=O)c2c1[nH]c1cc(C#N)ccc21,7.37,alk
432,C[C@@H](Oc1cc(-c2ccn(C)c(=O)c2)cnc1N)c1c(Cl)ccc(F)c1Cl,7.68,alk
433,Cn1cc(-c2cnc3[nH]cc(-c4cnn(Cc5cccc(C(=O)O)c5)c4)c3c2)cn1,7.01,alk
434,CC1(C)c2cc(OCC3CC(O)CN3)ccc2C(=O)c2c1oc1ccccc21,6.5,alk
435,C#CCN1CCN(Cc2ccc(C(=O)Nc3nc(-c4cccc(C#C[Si](C(C)C)(C(C)C)C(C)C)c4)cs3)cc2)CC1,5.55,alk
436,COc1cc(Nc2nc(NC3CCOCC3)c(C(C)C)nc2C(N)=O)ccc1N1CCN(C)CC1,8.85,alk
437,CCN(CC)CCS(=O)(=O)c1cc2c(cc1OC)C(C)(C)c1[nH]c3cc(C#N)ccc3c1C2=O,8.87,alk
438,COc1cc(-c2cnc(N)c(OC(C)c3c(Cl)ccc(F)c3Cl)c2)cnc1N1CCN(C)CC1,7.05,alk
439,COCCN1CCc2ccc(Nc3ncc4ccc(-c5ccccc5)n4n3)cc2CC1,7.42,alk
440,COc1cc(N2CCN(C(C)=O)CC2)ccc1Nc1nc(Nc2ccc(N3CCN(C(C)=O)CC3)cc2)ncc1F,7.17,alk
441,COCc1c(C)c(O)c(O)c(O)c1C=O,5.03,alk
442,COC[C@@H](C)Nc1cc(N2CCN(C)CC2)ccc1C(=O)Nc1n[nH]c2ccc(Cc3cc(F)cc(F)c3)cc12,7.14,alk
443,Cc1cc(Nc2ncc(Cl)c(Nc3cn(C)nc3S(=O)(=O)C(C)C)n2)c(OC2CC2)cc1CCN(C)C,8.7,alk
444,Fc1ccccc1Nc1ccnc2cc(-c3cnn(C4CCNCC4)c3)ccc12,6.66,alk
445,Cc1nn(Cc2cccc(F)c2)c(C)c1-c1c[nH]c2ncc(-c3cnn(C)c3)cc12,7.51,alk
446,Oc1ccc(Nc2ccnc3cc(-c4cnn(C5CCNCC5)c4)ccc23)cc1,7.59,alk
447,CC(C)NC(=O)[C@H]1CC[C@@H](n2c(NC(=O)c3ccc(F)cc3)nc3ccc(CN4CCC(CN)CC4)cc32)CC1,8.92,alk
448,Cc1cc(Nc2ncc(Cl)c(Nc3ccccc3S(=O)(=O)C(C)C)n2)c(OC(C)C)cc1C1CCN(CC(N)=O)CC1,7.78,alk
449,CC1(C)c2cc(N3CCOCC3)c(C#CCN3CCOCC3)cc2C(=O)c2c1[nH]c1cc(C#N)ccc21,8.59,alk
450,CN1CCC(Oc2cc3c(cc2NS(C)(=O)=O)C(=O)c2c([nH]c4cc(C#N)ccc24)C3(C)C)CC1,8.2,alk
451,CCN(CC)CCOc1cc2c(cc1C(C)=O)C(=O)c1c([nH]c3cc(C#N)ccc13)C2(C)C,9.28,alk
452,CC(C)NC(=O)[C@H]1CC[C@@H](n2/c(=N/C(=O)c3ccc(F)cc3)[nH]c3ccc(CN4CCCCC4C(=O)O)cc32)CC1,8.52,alk
453,CC(C)NC(=O)[C@H]1CC[C@@H](n2/c(=N/C(=O)c3ccc(F)cc3)[nH]c3ccc(CN4CCNC(=O)C4)cc32)CC1,8.7,alk
454,CN1CCC(Oc2cc3c(cc2N)C(=O)c2c([nH]c4cc(C#N)ccc24)C3(C)C)CC1,8.44,alk
455,C[C@H]1CN(C2CCC2)CCN1c1ccc2c(c1)C(C)(C)c1[nH]c3cc(C#N)ccc3c1C2=O,9.01,alk
456,CC(C)S(=O)(=O)c1ccccc1Nc1nc(Nc2nc3c(s2)CCN(C(=O)CO)CC3)ncc1Cl,6.77,alk
457,COc1cc(C2CCN(CC(N)=O)CC2)ccc1Nc1ncc2ccc(-c3ccccc3OC)n2n1,8.22,alk
458,CC(Oc1cccnc1Nc1cnn(C)c1)c1cccc(C(=O)NCc2ccc(Cl)c(C(F)(F)F)c2)c1,5.23,alk
459,Cc1cc(Nc2ncc(Cl)c(Nc3cn(C)nc3S(=O)(=O)C(C)C)n2)c(OC2CC2)cc1[C@H]1CC[C@@H](NC2CC2)CC1,8.1,alk
460,CC(C)Oc1cc(C2CCN(C)CC2)ccc1Nc1ncc2sc(C(N)=O)c(-c3ccccc3OC(F)(F)F)c2n1,9.3,alk
461,COc1cnc(-c2cnc(N)c(O[C@H](C)c3c(Cl)ccc(F)c3Cl)c2)cc1N1CCNCC1,6.89,alk
462,CN1CCN(Cc2ccc(NC(=O)c3cc(-c4ccncc4)c[nH]c3=O)cc2)CC1,4.71,alk
463,CC1(C)c2cc(OC[C@H](O)CO)ccc2C(=O)c2c1oc1ccccc21,5.79,alk
464,COc1cc(NC(=O)N2CCN(CCO)CC2)ccc1Nc1ncc(Cl)c(Nc2ccccc2NC(C)=O)n1,8.2,alk
465,C[C@H]1Oc2cc(cnc2N)-c2cc(S(C)(=O)=O)ccc2CN(C)C(=O)c2ccc(F)cc21,8.89,alk
466,Cc1cnc(Nc2ncccc2OC(C)c2cccc(C(=O)NCc3ccc(F)c(Cl)c3)c2)s1,5.07,alk
467,COc1cc(C2CCN(C(=O)CN(C)C)CC2)c(C)cc1Nc1nc(Nc2ccccc2S(=O)(=O)C(C)C)c2c(C)[nH]nc2n1,8.3,alk
468,N[C@H]1CCCC[C@H]1Nc1cc2nc[nH]c(=O)c2c(Nc2cccc3cc[nH]c23)n1,7.15,alk
469,COCCN1CCc2ccc(Nc3ncc(Cl)c(N[C@@H]4CCCC[C@H]4NS(C)(=O)=O)n3)cc2CC1,8.05,alk
470,COc1ccccc1-c1cc(F)cc2cnc(Nc3ccc(C4CCNCC4)c4c3OCC4)nc12,7.47,alk
471,CCOC(=O)c1c(C)[nH]c(/C=C2\C(=O)Nc3ccccc32)c1C,5.27,alk
472,COc1cc(C2CCNCC2)ccc1Nc1ncc2ccc(-c3ccccc3N(C)S(C)(=O)=O)n2n1,8.0,alk
473,COC(=O)N[C@H](C(=O)N[C@H](c1ccc([C@@H](CO)N(CCC(C)(C)C)S(=O)(=O)c2ccc3[nH]ccc3c2)s1)C(F)(F)F)C(c1ccccc1)c1ccccc1,5.36,alk
474,Cn1cc(/C=C2\C(=O)NN=C2c2cccs2)c2c(OCc3ccccc3)cccc21,6.98,alk
475,COc1cc(N2CCN(C)C[C@H]2C)ncc1-c1cnc(N)c(O[C@H](C)c2c(Cl)ccc(F)c2Cl)c1,7.26,alk
476,COc1cc(N2CCN(C(=O)OC(C)(C)C)CC2)ccc1Nc1ncc(C(F)(F)F)c(Nc2ccc(N3CCN(C(C)=O)CC3)cc2OC)n1,7.51,alk
477,COc1cc(N2CCNCC2)ccc1-c1cnc(N)c(OC(C)c2cc(F)ccc2C(C)(F)F)c1,7.35,alk
478,COc1ccc(NC(=O)C(Cc2ccccc2)NC(=O)c2cc(C(C)C)c(O)cc2O)cc1Nc1ncc(Cl)c(Nc2ccccc2S(=O)(=O)C(C)C)n1,8.11,alk
479,COc1cc(N2CCN(C(C)=O)CC2)ccc1Nc1ncc(F)c(Nc2ccc(N3CCN(C(=O)CO)CC3)cc2OC(F)F)n1,8.1,alk
480,COc1ccc2cc1Nc1nc(ncc1Cl)Nc1ccc(N3CCN(C)CC3)c(c1)CC2,8.51,alk
481,COc1cc(N2CCN(S(C)(=O)=O)CC2)ccc1Nc1ncc(Cl)c(Nc2ccc(N3CCN(S(C)(=O)=O)CC3)cc2OC)n1,7.7,alk
482,CN(C)S(=O)(=O)c1ccc2c(c1)/C(=C/c1cc3c([nH]1)CCCC3)C(=O)N2,6.07,alk
483,CC(C)Oc1cc(-c2nc(CN3CCN(C)CC3)cs2)ccc1Nc1ncc(Cl)c(Nc2ccccc2S(=O)(=O)C(C)C)n1,8.47,alk
484,COCCN[C@@H]1CCc2ccc(Nc3ncc(Cl)c(N[C@H]4[C@@H](C(N)=O)[C@@H]5C=C[C@H]4C5)n3)c(OC)c2CC1,8.05,alk
485,CCc1nc(C(N)=O)c(Nc2cccc(N3CCN(C)CC3)c2)nc1N[C@H]1CC[C@H](O)CC1,8.77,alk
486,COc1ccc(-c2n[nH]c3nc(-c4ccc(O)cc4)ccc23)cc1,6.62,alk
487,Cn1cc(-c2ccc3c(c2)C(C)(C)c2[nH]c4cc(C#N)ccc4c2C3=O)cn1,8.26,alk
488,CC(C)NC(=O)[C@H]1CC[C@@H](n2/c(=N/C(=O)c3ccc(F)cc3)[nH]c3ccc(CN4CCC(C(=O)O)CC4)cc32)CC1,8.7,alk
489,COc1cc(N2CCN(C(C)=O)CC2)ccc1Nc1ncc(F)c(Nc2ccc(N3CCN(C)CC3)cc2OC(F)F)n1,7.77,alk
490,O=[N+]([O-])c1cccc(Nc2cc3nc4ccccc4n3cn2)c1,5.0,alk
491,CN1CCN(c2ccc(-c3ccc4[nH]c5nccc(-c6ccc(Oc7ccccc7)cc6)c5c4c3)cc2)CC1,6.08,alk
492,CC1(C)c2ccc(OCc3ccccc3)cc2C(=O)c2c1[nH]c1cc(Br)ccc21,6.31,alk
493,C=c1nns/c1=c1\[nH][nH]c(=O)c1=Cc1cn(C)c2cccc(OCc3ccc(F)cc3)c12,7.92,alk
494,c1ccc(Nc2ccnc3cc(-c4ccccc4)ccc23)cc1,5.43,alk
495,CC(C)NC(=O)[C@H]1CC[C@@H](n2c(NC(=O)c3ccc(F)cc3)nc3ccc(CN4CC(C(C)(C)O)C4)cc32)CC1,8.82,alk
496,CC1(C)c2cc(OC3CCN(S(C)(=O)=O)CC3)c(Br)cc2C(=O)c2c1[nH]c1cc(C#N)ccc21,8.3,alk
497,CN1CCN(Cc2ccc(C(=O)Nc3nc(-c4cccc(C#CCOC(c5ccccc5)(c5ccccc5)c5ccccc5)c4)cs3)cc2)CC1,5.68,alk
498,COc1cc(C(F)(F)F)ccc1-c1c(C)sc2cnc(Nc3ccc(C4CCN(C(=O)OC(C)(C)C)CC4O)c4c3OCC4)nc12,8.68,alk
499,CC(Oc1ccnc(Nc2cnn(C)c2)c1)c1cccc(C(=O)NCc2ccc(C#N)cc2)c1,5.17,alk
500,COc1cc(P(C)(C)=O)ccc1Nc1ncc(Cl)c(Nc2ccccc2C(N)=O)n1,9.17,alk
501,C=CC(=O)Nc1cc(Nc2ncc(Cl)c(Nc3ccccc3S(=O)(=O)N(C)C)n2)c(OC)cc1N(C)CCN(C)C,7.77,alk
502,CN1CCN(Cc2ccc(C(=O)Nc3nc(-c4cccc(C#Cc5cc(C(F)(F)F)cc(C(F)(F)F)c5)c4)cs3)cc2)CC1,5.39,alk
503,NC(=O)[C@H]1CC[C@@H](n2/c(=N/C(=O)c3ccccc3)[nH]c3ccc(CN4CCCCC4)cc32)CC1,7.74,alk
504,COC(=O)c1cccc(Oc2nc[nH]c(=O)c2C2CC(C)=NN2C(C)=O)c1,5.05,alk
505,Cc1cc(Nc2ncc(Cl)c(Nc3cn(C)nc3S(=O)(=O)C(C)C)n2)c(OC2CC2)cc1[C@H]1CC[C@H](NS(C)(=O)=O)CC1,7.8,alk
506,CC1(C)c2cc(N3CCC(S(C)(=O)=O)C3)ccc2C(=O)c2c1[nH]c1cc(C#N)ccc21,7.79,alk
507,Cn1cc(-c2cnc3[nH]cc(-c4cnn(Cc5ccccc5F)c4)c3c2)cn1,7.07,alk
508,CC(C)c1nc(C(N)=O)c(Nc2ccc(N3CCN(C)CC3)cc2)nc1N[C@H]1CC[C@H](O)CC1,8.68,alk
509,COc1cc(N2CCC(N3CCN(C)CC3)CC2)ccc1-c1nc2c(N[C@H]3[C@@H](C(N)=O)[C@@H]4C=C[C@H]3C4)c(Cl)cnc2[nH]1,9.12,alk
510,Cn1cc(-c2cnc3[nH]cc(-c4cnn(Cc5cccc(C(F)(F)F)c5)c4)c3c2)cn1,6.61,alk
511,CC1(C)c2cc(N3CCC(N)CC3)c(Br)cc2C(=O)c2c1[nH]c1cc(C#N)ccc21,9.77,alk
512,CCc1[nH]nc2nc(Nc3cc(C)c(C4CCN(CCOC)CC4)cc3OC(C)C)nc(Nc3ccccc3S(=O)(=O)C(C)C)c12,6.74,alk
513,COc1ccccc1C#Cc1ccnc2c1c1cc(-c3ccc(N4CCN(C)CC4)cc3)ccc1n2C,6.04,alk
514,CC1(C)c2cc(OC[C@H](O)CCC(=O)O)ccc2C(=O)c2c1[nH]c1cc(Br)ccc21,6.07,alk
515,C[C@H]1CN(c2cc3c(cc2Br)C(=O)c2c([nH]c4cc(C#N)ccc24)C3(C)C)C[C@@H](C)N1C1CCC1,9.52,alk
516,CN1CCN(c2ccc(-c3ccc4[nH]c5nccc(-c6ccc(C(O)c7ccccc7)cc6)c5c4c3)cc2)CC1,6.64,alk
517,Cc1nc2cc(-c3cnc(O)c(C(=O)Nc4ccc(CN5CCN(C)CC5)cc4)c3)ccc2s1,5.42,alk
518,COc1cccc(CNC(=O)c2cccc(C(C)Oc3ccnc(Nc4cnn(C)c4)c3)c2)c1,5.21,alk
519,CN1CCN(Cc2ccc(NC(=O)c3cc(-c4ccncc4)cnc3O)cc2)CC1,4.71,alk
520,COc1c(Nc2ncc(Cl)c(N[C@H]3[C@@H](C(N)=O)[C@@H]4C=C[C@H]3C4)n2)ccc2c1CC[C@H](N1CCOCC1)CC2,7.46,alk
521,CC1(C)c2cc(OCCNS(N)(=O)=O)ccc2C(=O)c2c1[nH]c1cc(C#N)ccc21,8.12,alk
522,CCN(CC)CCOc1ccc2c(c1)C1(CCOCC1)c1oc3ccccc3c1C2=O,6.12,alk
523,CC1(C)c2cc(O[C@H]3CCOC3)ccc2C(=O)c2c1[nH]c1cc(Br)ccc21,6.36,alk
524,Cc1nn(Cc2cc(F)cc(F)c2)c(C)c1-c1c[nH]c2ncc(-c3cnn(C)c3)cc12,7.59,alk
525,CCCOc1ccc2c3c(oc2c1)C(C)(C)c1cc(OCCN(CC)CC)ccc1C3=O,5.61,alk
526,CN(C)C(=O)c1ccc2c3c(n(C)c2c1)C(C)(C)c1cc(OC[C@@H](O)[C@H](O)CO)ccc1C3=O,4.89,alk
527,CN1CCN(c2ccc(-c3ccc4[nH]c5nccc(N6CCN(Cc7ccccc7)CC6)c5c4c3)cc2)CC1,6.16,alk
528,CC(C)N1CCN(Cc2ccc(-c3n[nH]c4nc(-c5ccc(O)cc5)ccc34)o2)CC1,6.99,alk
529,COc1ccccc1-c1c(C(N)=O)sc2cnc(Nc3cc4c(cc3OC(C)C)N(C)C(=O)CCC4)nc12,6.51,alk
530,CC(=O)Nc1ccc2c(c1)/C(=C/c1cc3c([nH]1)CCN(C(=O)N1CCOCC1)C3)C(=O)N2,6.68,alk
531,CCc1nc(C(N)=O)c(Nc2cccc(S(C)(=O)=O)c2)nc1N[C@H]1CC[C@H](O)CC1,7.77,alk
532,COc1c(Nc2ncc(Cl)c(N[C@H]3[C@@H](C(N)=O)[C@@H]4C=C[C@H]3C4)n2)ccc2c1CC[C@@H](N1CCOCC1)CC2,8.72,alk
533,CCN(CC)CCOc1cc2c(cc1N1CCC(N3CCOCC3)CC1)C(C)(C)c1[nH]c3cc(C#N)ccc3c1C2=O,7.93,alk
534,CO[C@H]1O[C@H](COc2ccc3c(c2)C(C)(C)c2[nH]c4cc(Br)ccc4c2C3=O)[C@@H](O)[C@H](O)[C@H]1O,6.81,alk
535,Cc1cc(Nc2nc(Nc3ccccc3S(=O)(=O)C(C)C)c3c(C)[nH]nc3n2)c(OC(C)C)cc1C1CCN(CC(N)=O)CC1,7.85,alk
536,C[C@@H](Oc1cc(-c2ccc3c(c2)NC(=O)C32CCN(C)CC2)cnc1N)c1c(Cl)ccc(F)c1Cl,7.41,alk
537,CC(C)NC(=O)[C@H]1CC[C@@H](n2c(NC(=O)c3ccc(F)cc3)nc3ccc(CN4CCC(C(C)(C)O)CC4)cc32)CC1,9.0,alk
538,CN1CCN(Cc2ccc(NC(=O)c3cc(-c4ccc5c(c4)OCO5)cnc3O)cc2)CC1,6.05,alk
539,CC1(C)c2cc(N3CCN(C4CCCC4)CC3=O)ccc2C(=O)c2c1[nH]c1cc(C#N)ccc21,7.14,alk
540,CC1(C)c2cc(N3CCC(N4CCCC4)CC3)ccc2C(=O)c2c1[nH]c1ncccc21,7.51,alk
541,CN1CCN(c2ccc(-c3cnc4c(c3)N(Cc3c(F)ccc(F)c3Cl)CCN4)cn2)CC1,7.96,alk
542,CN(CCO)Cc1ccc(-c2n[nH]c3nc(-c4ccc(O)cc4)ccc23)o1,7.08,alk
543,COc1cc(NC(=O)N2CCCC2)ccc1Nc1ncc(Cl)c(Nc2ccccc2NC(C)=O)n1,8.29,alk
544,Cc1cc(Nc2nc(Nc3ccccc3S(=O)(=O)C(C)C)c3c(C)[nH]nc3n2)c(OC(C)C)cc1C1CCN(CCC(N)=O)CC1,7.74,alk
545,COc1cc(N2CCN(C)CC2)c2cc1Nc1ncc(Cl)c(n1)Nc1cc(ccc1S(=O)(=O)C(C)C)CC2,8.82,alk
546,CC(C)CCC#Cc1cc2c(cc1N1CCN(C3COC3)CC1)C(C)(C)c1[nH]c3cc(C#N)ccc3c1C2=O,7.91,alk
547,CCN1C(=O)CCCc2c1ccc(Nc1ncc(Cl)c(Nc3ccc(N4CCOCC4)cc3OC)n1)c2OC,7.47,alk
548,Oc1ccc(-c2ccc3c(-c4cnn(C5CCNCC5)c4)n[nH]c3n2)cc1,7.86,alk
549,Cc1nnsc1C1=NNC(=O)/C1=C\c1cn(C)c2cccc(OCCN(C)C)c12,6.54,alk
550,CC1(C)c2cc(N3CCN(C4COC4)CC3)c(CCC3CCCC3)cc2C(=O)c2c1[nH]c1cc(C#N)ccc21,7.69,alk
551,COc1cc(N2CCN(C(C)=O)CC2)ccc1Nc1ncc(F)c(Nc2ccc(N3CCN(S(C)(=O)=O)CC3)cc2OC(F)F)n1,7.54,alk
552,COc1cc2c(cc1Nc1ncc(Cl)c(N[C@H]3[C@@H](C(N)=O)[C@@H]4C=C[C@H]3C4)n1)CCC(N1CCN(C)CC1)CC2,7.82,alk
553,CC(Oc1cccnc1Nc1cnn(C)c1)c1cccc(C(=O)NCc2ccc(F)cc2)c1,5.09,alk
554,Cc1cc(Nc2ncc(C#N)c(Nc3cn(C)nc3S(=O)(=O)C(C)C)n2)c(OC2CC2)cc1C1CCN(C)CC1,8.7,alk
555,Nc1ncc(-c2cnn(C3CCNCC3)c2)cc1-c1nc2ccc(N3CCCC3)cc2o1,6.47,alk
556,Fc1cccc(Oc2ccnc3cc(-c4cnn(C5CCNCC5)c4)ccc23)c1,6.81,alk
557,COc1ccc(Cc2ccc(-c3ccnc4[nH]c5ccc(-c6ccc(N7CCN(C)CC7)cc6)cc5c34)cc2)c(OC)c1,6.28,alk
558,CCN(CC)CCOc1ccc2c(c1)C(C)(C)c1[nH]c3cc(Cl)ccc3c1C2=O,7.4,alk
559,Cc1cc(Nc2ncc(Cl)c(Nc3cn(C)nc3S(=O)(=O)C(C)C)n2)c(OC2CC2)cc1C1CCOCC1,8.05,alk
560,COc1c(Nc2ncc(Cl)c(Nc3ccccc3N(C)S(C)(=O)=O)n2)ccc2c1CCCC(N1CCN(CCO)CC1)C2,8.7,alk
561,CC(C)(C)[Si](C#Cc1cccc(-c2csc(NC(=O)c3ccc(CN4CCOCC4)cc3)n2)c1)(c1ccccc1)c1ccccc1,5.15,alk
562,CN1CCN(Cc2ccc(C(=O)Nc3nc(-c4ccc(C#Cc5ccccc5C(F)(F)F)c(C#Cc5ccccc5C(F)(F)F)c4)cs3)cc2)CC1,5.48,alk
563,CC1(C)c2cc(OC[C@@H](O)[C@H](O)CO)ccc2C(=O)c2c1n(CC(=O)O)c1cc(Br)ccc21,5.55,alk
564,Cc1cc(-c2cccc(NCCN)c2)c(/C=C2\C(=O)Nc3ccccc32)[nH]1,7.05,alk
565,COc1ccc(CNC(=O)c2cccc(C(C)Oc3ccnc(Nc4cnn(C5CCNCC5)c4)c3)c2)cc1OC,5.35,alk
566,CN1CCC(Nc2cc(N3CCN(C)CC3)ccc2C(=O)Nc2n[nH]c3ccc(Cc4cc(F)cc(F)c4)cc23)CC1,7.82,alk
567,CN1CCN(c2ccc(C(=O)Nc3n[nH]c4ccc(Cc5ccccc5)cc34)c(NC3CCOCC3)c2)CC1,6.97,alk
568,COc1cc2c(cc1Nc1ncc(Cl)c(Nc3ccccc3S(=O)(=O)C(C)C)n1)C(=O)N(C1CN(C(=O)[C@@H]3CCCN3C)C1)C2,8.3,alk
569,CCc1cc2c(cc1N1CCN(CC(O)(CCC(=O)O)CC(=O)O)CC1)C(C)(C)c1[nH]c3cc(C#N)ccc3c1C2=O,7.77,alk
570,CC1(C)c2cc(C(=O)N3CCN(C(C)(C)C)CC3)ccc2C(=O)c2c1[nH]c1cc(C#N)ccc21,8.22,alk
571,COCCOc1ccc(Nc2nc(Nc3cc4c(cc3OC)CCN(CC(=O)N(C)C)CC4)ncc2Cl)c(OC)c1,8.4,alk
572,Cc1cc(-c2cc(NC(=O)c3ccc(CN4CCN(C)CC4)cc3)[nH]n2)ccc1NC(=O)Nc1cccc(F)c1,5.21,alk
573,CC(=O)C=Cc1c(Oc2ccc(NC(C)=O)cc2)nc[nH]c1=O,5.18,alk
574,Cc1cc(Nc2ncc(Cl)c(Nc3cn(C)nc3S(=O)(=O)C(C)C)n2)c(OC(F)(F)F)cc1C1CCN(C)CC1,8.22,alk
575,Cn1cc(/C=C2\C(=O)NN=C2c2nccs2)c2c(OCc3c(F)cccc3F)cccc21,8.05,alk
576,Oc1ccccc1-c1nc(Nc2ccc(Cl)cc2)c2ccccc2n1,5.19,alk
577,CC(C)Oc1nc(N2CCN(C)CC2)ccc1Nc1ncc(Cl)c(Nc2ccccc2NS(C)(=O)=O)n1,5.38,alk
578,COc1ncc(F)cc1-c1c(C(N)=O)sc2cnc(Nc3cc(C4CCOCC4)nn3C(C)C)nc12,8.1,alk
579,CC1(C)c2cc(N3CCN(C4CCC4)CC3)c(C3CC3)cc2C(=O)c2c1[nH]c1cc(C#N)ccc21,7.98,alk
580,COc1cc2nc(C)oc2c(C[C@]2(C)[C@@H](C)CC[C@@]3(C)C(C)=CCC[C@H]32)c1O,5.47,alk
581,CC1(C)c2cc(OC3CCOCC3)c(S(=O)(=O)N3CCOCC3)cc2C(=O)c2c1[nH]c1cc(C#N)ccc21,8.02,alk
582,CC1(C)c2cc(N3CCN(C4COC4)CC3)c(C#CCN3CCN(C4COC4)CC3)cc2C(=O)c2c1[nH]c1cc(C#N)ccc21,9.0,alk
583,CC1(C)c2cc(OCCNS(C)(=O)=O)ccc2C(=O)c2c1[nH]c1cc(C#N)ccc21,8.31,alk
584,C=c1nns/c1=c1\[nH][nH]c(=O)c1=Cc1cn(C)c2cccc(OCc3cccc(F)c3)c12,7.7,alk
585,CC1(C)c2cc(N3CCC(N4CCCC4)CC3)c(C3=CCNCC3)cc2C(=O)c2c1[nH]c1cc(C#N)ccc21,8.75,alk
586,CN1CCC(Nc2ccc3c(c2)/C(=C/c2cc4c([nH]2)CCN(C(=O)N2CCOCC2)C4)C(=O)N3)CC1,7.12,alk
587,COc1cc(OC2CCN(C)CC2)ccc1Nc1ncc(Cl)c(Nc2ccccc2P(C)(C)=O)n1,9.27,alk
588,CN1CCN(Cc2ccc(C(=O)Nc3nc(-c4cccc(C#C[Si](c5ccccc5)(c5ccccc5)C(C)(C)C)c4)cs3)cc2)CC1,5.77,alk
589,CC1(C)c2cc(N3CCN(C4CCS(=O)(=O)CC4)CC3)c(Br)cc2C(=O)c2c1[nH]c1cc(C#N)ccc21,8.95,alk
590,CCOC(=O)c1ccccc1Oc1nc[nH]c(=O)c1C=CC(C)=O,5.12,alk
591,CN(C)S(=O)(=O)c1cc2c(cc1N1CCN(CCO)CC1)C(C)(C)c1[nH]c3cc(C#N)ccc3c1C2=O,8.29,alk
592,COc1cc(O)c2c(c1)CCCCCC(=O)/C=C\C[C@H](C)OC2=O,5.46,alk
593,O=[N+]([O-])c1ccc2ncnc(Nc3ccc(O)cc3)c2c1,5.06,alk
594,CCN(CC)CCOc1ccc2c(c1)C(C)(C)c1c(c3ccccc3n1S(C)(=O)=O)C2=O,6.79,alk
595,CC(=O)C=Cc1c(Oc2cccc(C(C)=O)c2)nc[nH]c1=O,5.2,alk
596,CC(=O)N1CCN(c2cc(-c3cnc4c(c3)N(Cc3cc(Cl)ccc3C(F)(F)F)CCN4)ccn2)CC1,7.77,alk
597,CC(C)[Si](C#Cc1cccc(-c2csc(NC(=O)c3ccc(-c4ccc(C(=O)N5CCN(C)CC5)cc4)o3)n2)c1)(C(C)C)C(C)C,6.38,alk
598,COc1cc(N2CCNCC2)ccc1-c1cnc(N)cc1-c1ccnn1-c1ccc(F)c(Cl)c1,6.27,alk
599,CN1CCN(Cc2ccc(C(=O)Nc3nc(-c4cccc(C#C[Si](C)(C)C(C)(C)C)c4)cs3)cc2)CC1,5.82,alk
600,COc1cc(N2CCOCC2)ncc1-c1cnc(N)c(O[C@H](C)c2c(Cl)ccc(F)c2Cl)c1,6.76,alk
601,CC1(C)c2cc(OCCOCCOCCO)ccc2C(=O)c2c1oc1ccccc21,5.48,alk
602,COc1cc(N2CCNCC2)c(Cl)cc1-c1cnc(N)c(OC(C)c2cc(F)ccc2C(C)(F)F)c1,6.97,alk
603,Cn1cc(-c2cnc3[nH]cc(-c4cnn(Cc5cccc(O)c5)c4)c3c2)cn1,7.39,alk
604,CC(C)(C)OC(=O)N1CCC2(CC1)OCCC2Oc1ccc2c(c1)C(C)(C)c1[nH]c3cc(Br)ccc3c1C2=O,7.71,alk
605,CC(C)Oc1cc2c(cc1Nc1ncc(Cl)c(Nc3ccccc3S(=O)(=O)C(C)C)n1)C(=O)N(C1CCN(C(=O)C3CN(C)C3)CC1)C2,7.92,alk
606,CCc1cc2c(cc1N1CCC(OCCC3CCCCC3)CC1)C(C)(C)c1[nH]c3cc(C#N)ccc3c1C2=O,7.66,alk
607,CC(C)NC(=O)[C@H]1CC[C@@H](n2/c(=N/C(=O)c3ccc(F)cc3)[nH]c3ccc(CN4CCNCC4)cc32)CC1,8.8,alk
608,COc1cc(Cc2ccccc2)c(O)cc1-c1ccnc2[nH]c3ccc(-c4ccc(N5CCN(C)CC5)cc4)cc3c12,5.89,alk
609,Cc1nc([C@](C)(O)CO)sc1-c1cnc(N)c(O[C@H](C)c2cc(F)ccc2-n2nccn2)c1,9.12,alk
610,CNC(=S)NCCc1ccc(OC)c(Nc2ncc(Cl)c(Nc3ccccc3S(=O)(=O)C(C)C)n2)c1,7.52,alk
611,CCc1nc(C(N)=O)c(Nc2ccc(N3CCC(N4CCN(C)CC4)CC3)cc2)nc1N[C@H]1CC[C@H](O)CC1,8.55,alk
612,Cc1nc(S(=O)(=O)C(C)C)c(Nc2nc(Nc3cc(C)c(C4CCN(C)CC4)cc3OC3CC3)ncc2Cl)s1,8.22,alk
613,CCN(C)CCOc1ccc2c(c1)C(C)(C)C1Oc3cc(F)ccc3C1C2=O,6.07,alk
614,CCN(CC)CCOc1ccc2c(c1)C(C)(C)c1[nH]c3cc([N+](=O)[O-])ccc3c1C2=O,7.1,alk
615,CCN(CC)CCOc1ccc2c(c1)C(C)(C)c1oc3cc(Cl)ccc3c1C2=O,6.18,alk
616,COCCN1CCc2ccc(Nc3ncc(Cl)c(N[C@@H]4CCCC[C@H]4N)n3)cc2CC1,6.17,alk
617,COc1cc(Nc2nccc(N3CCC[C@H](C(=O)NCc4cccc(Oc5ccccc5)c4)C3)n2)cc(OC)c1OC,6.72,alk
618,C=c1nns/c1=c1\[nH][nH]c(=O)c1=Cc1cn(C)c2cccc(OCc3ccccn3)c12,6.8,alk
619,COc1cc2ncnc(Nc3ccc(O)cc3)c2cc1OC,5.62,alk
620,CC1(C)c2cc(OCCN3CCCC(O)C3)ccc2C(=O)c2c1oc1ccccc21,5.98,alk
621,C#Cc1cc2c(cc1OC1CCN(C3COC3)CC1)C(C)(C)c1[nH]c3cc(C#N)ccc3c1C2=O,8.79,alk
622,CN1CCN(CCc2ccc(NC(=O)c3cc(-c4ccc5c(c4)OCO5)c[nH]c3=O)cc2)CC1,6.4,alk
623,CCc1nc(C(N)=O)c(Nc2ccc(N3CCN(C)CC3)cc2)nc1N[C@H]1CC[C@H](O)CC1,8.28,alk
624,CCN(CC)CCOc1ccc2c(c1)C(C)(C)c1oc3cc(Br)ccc3c1C2=O,6.11,alk
625,CCS(=O)(=O)c1cn(-c2cc(C)[nH]n2)c2nc(N[C@@H](C)c3ccc(F)cn3)ccc12,8.02,alk
626,CC(=O)/C=C/c1c(Oc2ccc(C#N)cc2)nc[nH]c1=O,5.16,alk
627,CN1CCN(Cc2ccc(NC(=O)c3cc(-c4ccc5nccnc5c4)cnc3O)cc2)CC1,5.26,alk
628,CC(C)NC(=O)[C@H]1CC[C@@H](n2/c(=N/C(=O)c3ccc(F)cc3)[nH]c3ccc(CN4CCC(CN)CC4)cc32)CC1,8.92,alk
629,CCc1nc(C(N)=O)c(Nc2ccc(N3CCN(C)CC3)c(C)c2)nc1N[C@H]1CC[C@H](O)CC1,9.62,alk
630,CCN(CC)CCOc1ccc2c(n1)C(C)(C)c1c(c3ccc(C#N)cc3n1CCN(CC)CC)C2=O,6.52,alk
631,Nc1ncc(-c2cnn(C3CCNCC3)c2)cc1COc1cccc(F)c1,6.0,alk
632,Cc1cc(Nc2ncc(Cl)c(Nc3cn(C)nc3S(=O)(=O)C(C)C)n2)c(C(C)C)cc1C1CCN(C)CC1,7.92,alk
633,CN1CCN(C(=O)c2ccc(-c3cc4c(N5CCC[C@H](C(=O)NCc6ccc(OC(F)(F)F)cc6)C5)ncnc4[nH]3)cc2)CC1,9.22,alk
634,COc1cc(N2CCN(C)CC2)ccc1-c1cnc(N)cc1C#Cc1ccnn1Cc1ccc(Cl)c(F)c1,6.0,alk
635,CN1CCN(C(=O)c2ccc(-c3ccc(C(=O)Nc4nc(-c5cccc(C#C[Si](C)(C)C(C)(C)C)c5)cs4)o3)cc2)CC1,6.37,alk
636,COc1nc(N2CCSCC2)ccc1Nc1ncc(Cl)c(Nc2ccccc2NS(C)(=O)=O)n1,5.8,alk
637,COc1ccc(C(C)(C)CN)cc1Nc1ncc(Cl)c(Nc2cc(F)ccc2S(=O)(=O)C(C)C)n1,6.13,alk
638,C=Cn1nc(C(N)=O)c2c1-c1nc(Nc3cc(N4CCN(C)CC4)ccc3OC(F)(F)F)ncc1CC2,5.62,alk
639,COc1cc(N2CCOCC2)ccc1Nc1ncc(Cl)c(N[C@@H]2CCCC[C@H]2NS(C)(=O)=O)n1,8.0,alk
640,CC1(C)c2ccc(C3=CCN(C4CC4)CC3)cc2C(=O)c2c1[nH]c1cc(C#N)ccc21,8.4,alk
641,CN1CCN(c2ccc3cc2C=Cc2cccc(c2)Nc2nc(ncc2Cl)N3)CC1,6.41,alk
642,CN1CCN(c2ccc(-c3ccc4[nH]c5nccc(/C=C/c6ccccc6)c5c4c3)cn2)CC1,6.46,alk
643,CC1(C)c2cc(OC[C@@H](O)[C@H](O)CO)ccc2C(=O)c2c1[nH]c1cc(C(=O)NCCc3ccccc3)ccc21,6.12,alk
644,CC(C)Oc1cc2c(cc1Nc1ncc(Cl)c(Nc3ccccc3S(=O)(=O)C3CCC3)n1)C(=O)N(C1CCN(C(=O)CN(C)C)CC1)C2,8.7,alk
645,COc1cc(Nc2nccc(N3CCC[C@H](C(=O)Nc4ccccc4)C3)n2)cc(OC)c1OC,6.08,alk
646,Clc1nccc2c1-c1[nH]c3ccc(Br)cc3c1CCN2CCc1c[nH]c2ccccc12,5.03,alk
647,COc1cc(N2CCN(C(C)=O)CC2)ccc1Nc1ncc(F)c(Nc2ccc(N3CCNCC3)cc2OC)n1,7.82,alk
648,CC(C)NC(=O)[C@H]1CC[C@@H](n2c(NC(=O)c3ccc(F)c(F)c3)nc3ccc(CN4CCC(C(C)(C)O)CC4)cc32)CC1,8.7,alk
649,CCOC(=O)COc1ccc2c(c1)C(C)(C)c1[nH]c3cc(C#N)ccc3c1C2=O,7.53,alk
650,CCOc1cc(N2CCN(C(C)=O)CC2)ccc1Nc1nc(Nc2ccc(N3CCN(C(C)=O)CC3)cc2OC)ncc1F,7.1,alk
651,CCc1nc(C(N)=O)c(Nc2ccc(N3CCC(N4CCN(C)CC4)CC3)c(C)c2)nc1NC1CCC(O)(C(C)C)CC1,8.59,alk
652,CCCN1CCC=C(c2ccc(Nc3nc(Nc4ccccc4C(N)=O)c4cc[nH]c4n3)c(C)c2)C1,9.0,alk
653,Cc1cc(Nc2nc(Nc3ccccc3S(=O)(=O)C(C)C)c3c(C)[nH]nc3n2)c(OC(C)C)cc1C1CCN(C(=O)CN(C)C)CC1,8.15,alk
654,COC(=O)N1CCN(c2ccc(Nc3nc(Nc4ccc(N5CCN(C(C)=O)CC5)cc4OC)ncc3F)c(OC(F)F)c2)CC1,7.14,alk
655,COc1cc2c(cc1SC(C)C)C(=O)c1c([nH]c3cc(C#N)ccc13)C2(C)C,8.02,alk
656,CCc1cc2c(cc1NC(=O)C1CCn3c(nnc3C(F)(F)F)C1)C(C)(C)c1[nH]c3cc(C#N)ccc3c1C2=O,7.42,alk
657,CCCOc1cc(N2CCN(C(C)=O)CC2)ccc1Nc1nc(Nc2ccc(N3CCN(C(C)=O)CC3)cc2)ncc1Cl,6.82,alk
658,CN1CCN(c2ccc(-c3cnc4c(c3)N(Cc3cc(F)ccc3F)CCN4)cn2)CC1,7.48,alk
659,COc1ccc(Nc2nc(Nc3cc4c(cc3OC)CCN(CC(=O)N(C)C)CC4)ncc2Cl)c(OC)c1,8.3,alk
660,COc1ccc(-c2ccc3nc4cncc(/C=C/c5ccccc5)n4c3c2)cc1,6.19,alk
661,COc1cc(N2CCN(C3CCN(C)CC3)C[C@@H]2C)ncc1-c1cnc(N)c(O[C@H](C)c2c(Cl)ccc(F)c2Cl)c1,8.04,alk
662,COc1ccccc1C1=C(C)SC2C=NC(Nc3ccc(C4CCNCC4)c4c3OC(C)(C)C4)=NC12,7.96,alk
663,CN1CCC(Nc2ccc(C(=O)Nc3cc(-c4cc(C#N)cs4)n[nH]3)cc2)CC1,5.3,alk
664,Cc1cc(-c2cc(NC(=O)c3ccc(CN4CCN(C)CC4)cc3)[nH]n2)ccc1NC(=O)Nc1cc(C(C)C)on1,6.4,alk
665,CC(C)NC(=O)[C@H]1CC[C@@H](n2/c(=N/C(=O)c3ccc(C#N)c(F)c3)[nH]c3ccc(CN4CCC(C(C)(C)O)CC4)cc32)CC1,9.0,alk
666,C=c1nns/c1=c1\[nH][nH]c(=O)c1=Cc1cn(C)c2cccc(OCc3c(F)ccc(F)c3Cl)c12,7.85,alk
667,COc1ncc(-c2ccc3c(c2)OCO3)cc1C(=O)Nc1ccc(CN2CCN(C)CC2)cc1,4.69,alk
668,COc1cc(N2CCN(C)C[C@H]2C)ncc1-c1cnc(N)c(OC(C)c2c(Cl)ccc(F)c2Cl)c1,7.12,alk
669,CC(C)NC(=O)[C@H]1CC[C@@H](n2c(NC(=O)c3cccc(C#N)c3)nc3ccc(CN4CCC(C(C)(C)O)CC4)cc32)CC1,9.0,alk
670,Cc1ccc(-c2csc(NC(=O)c3ccc(CN4CCN(C)CC4)cc3)n2)cc1C#Cc1ccccc1C(F)(F)F,4.27,alk
671,Cc1cc(Nc2nc(Nc3ccccc3S(=O)(=O)C(C)C)c3c(C)c[nH]c3n2)c(OC(C)C)cc1C1CCN(C[C@@H](O)C(F)(F)F)CC1,6.79,alk
672,COC(=O)c1ccc(OC)cc1Oc1nc[nH]c(=O)c1C=CC(C)=O,4.99,alk
673,CC(C)NC(=O)[C@H]1CC[C@@H](n2c(NC(=O)c3ccc(F)cc3)nc3ccc(CN4CCS(=O)(=O)CC4)cc32)CC1,8.7,alk
674,CCc1cc2c(cc1C1=CCN(C(=O)C3CCOCC3)CC1)C(C)(C)c1[nH]c3cc(C#N)ccc3c1C2=O,8.77,alk
675,COCCN1CCc2ccc(Nc3ncc(Cl)c(N[C@@H]4CCCC[C@H]4NS(=O)(=O)CC(F)(F)F)n3)cc2CC1,7.51,alk
676,CCN1C(=O)CCCc2c1ccc(Nc1ncc(Cl)c(Nc3ccccc3S(=O)(=O)C(C)C)n1)c2OC,8.3,alk
677,CC(C)NC(=O)[C@H]1CC[C@@H](n2/c(=N/C(=O)c3ccc(F)cc3)[nH]c3ccccc32)CC1,8.15,alk
678,CNC(=O)c1ccc2cc1Nc1nc(ncc1Cl)Nc1ccc(N3CCN(C)CC3)c(c1)CC2,7.46,alk
679,Fc1cccc(Nc2ccnc3cc(-c4cnn(C5CCNCC5)c4)ccc23)c1,6.42,alk
680,COc1ccc(-c2ccc3cnc(Nc4ccc(C5CCN(CC(N)=O)CC5)cc4OC)nn23)c(OC)c1,7.92,alk
681,CC1(C)c2cc(N3CCN(S(C)(=O)=O)CC3)ccc2C(=O)c2c1[nH]c1cc(C#N)ccc21,7.43,alk
682,CNC(=O)c1ccc(F)cc1[C@@H](C)Oc1nc(-c2cccnc2OC)cnc1N,7.8,alk
683,COc1cc2c(cc1Nc1ncc(Cl)c(Nc3ccccc3S(=O)(=O)C(C)C)n1)C(=O)N(C1CN(C(=O)CN(C)C)C1)C2,8.22,alk
684,Cc1ccc(CNC(=O)c2cccc(C(C)Oc3cccnc3Nc3nncs3)c2)cc1,5.12,alk
685,CCc1cc2c(cc1N1CCN(C3CCC3)CC1)C(C)(C)c1[nH]c3nc(C#N)ccc3c1C2=O,8.74,alk
686,O=C1Nc2ccccc2C1=Cc1c[nH]nc1-c1ccccc1,5.76,alk
687,CN1CCN(c2ccc(Nc3ncc4ccc(-c5ccccc5NS(C)(=O)=O)n4n3)cc2)CC1,6.59,alk
688,CC(=O)N1CCN([C@H]2CC[C@H](c3cc(OC4CC4)c(Nc4ncc(Cl)c(Nc5cn(C)nc5S(=O)(=O)C(C)C)n4)cc3C)CC2)CC1,8.15,alk
689,CC(C)S(=O)(=O)c1nn(C)cc1Nc1nc(Nc2ccc(C3CCN(C)CC3)cc2OC2CC2)ncc1Cl,8.52,alk
690,CCc1nc(C(N)=O)c(Nc2ccc(N3CCN(C)CC3)c(OC)c2)nc1N[C@H]1CC[C@H](O)CC1,9.48,alk
691,COc1cc(-c2cnn(C3CCNCC3)c2)ccc1Nc1ncc(Cl)c(Nc2ccccc2P(C)(C)=O)n1,9.12,alk
692,COc1ccc(Sc2ccnc3[nH]c4ccc(-c5ccc(N6CCN(C)CC6)cc5)cc4c23)cc1,5.24,alk
693,COc1cc2c(cc1Nc1ncc(Cl)c(Nc3ccccc3S(=O)(=O)C(C)C)n1)C(C)(C)/C(=N/NC(N)=O)CC2,7.8,alk
694,CC1(C)c2cc(N3CCN(C(=O)C4CC4)CC3)ccc2C(=O)c2c1[nH]c1cc(C#N)ccc21,8.38,alk
695,COc1cc(N2CC[C@@H](N(C)C)C2)ccc1Nc1ncc(Cl)c(Nc2ccccc2P(C)(C)=O)n1,9.48,alk
696,COc1cc(N2CCN(C(C)=O)CC2)ccc1Nc1ncc(F)c(Nc2ccc(N3CCN(CCO)CC3)cc2OC(F)F)n1,7.8,alk
697,COc1cc(N2CCN(CC(N)=O)C2=O)ccc1Nc1ncc(Cl)c(Nc2ccccc2S(=O)(=O)C(C)C)n1,8.57,alk
698,C[C@H]1CNC(=O)c2cnn3ccc(nc23)N[C@H](C)c2cc(F)ccc2O1,9.0,alk
699,CC1(C)c2ccc(OCCOCCC(=O)O)cc2C(=O)c2c1[nH]c1cc(C#N)ccc21,7.63,alk
700,CC1(C)c2cc(N3CCN(C4COC4)CC3)ccc2C(=O)c2c1[nH]c1cc(C#N)ccc21,7.57,alk
701,CC(C)S(=O)(=O)c1ccccc1Nc1nc(Nc2cccc(NC(=O)C3(N)CC3)c2)ncc1Cl,7.29,alk
702,COc1cccc(CNC(=O)c2cccc(C(C)Oc3cccnc3Nc3cnn(C)c3)c2)c1,5.07,alk
703,CN1CCC(Oc2ccc(C(=O)Nc3n[nH]c4ccc(Cc5cc(F)cc(F)c5)cc34)c(NC3CCOCC3)c2)CC1,8.05,alk
704,COc1cc(N2CCN(C(C)=O)CC2)ccc1Nc1ncc(F)c(Nc2ccc(N3CCN(CCO)CC3)cc2OC)n1,7.96,alk
705,COc1cc(N2CCCN(C)CC2)ccc1Nc1ncc(Cl)c(Nc2ccccc2P(C)(C)=O)n1,9.14,alk
706,COc1cc(Nc2nccc(N3CCC[C@H](C(=O)NCc4cccc([N+](=O)[O-])c4)C3)n2)cc(OC)c1OC,7.15,alk
707,C[C@@H](c1ccccc1)N1CCc2c([nH]c3ccc(Br)cc23)-c2c(I)ccnc21,5.08,alk
708,CCN(CC)CCOc1ccc2c(c1)C(C)(C)c1oc3cc(O)ccc3c1C2=O,6.41,alk
709,CC1(C)OCC(CNC(=O)COc2ccc3c(c2)C(C)(C)c2[nH]c4cc(C#N)ccc4c2C3=O)O1,7.29,alk
710,CC(Oc1ccnc(Nc2cnn(C)c2)c1)c1cccc(C(=O)NCc2cc(F)cc(F)c2)c1,5.33,alk
711,CCN(CC)CCOc1ccc2c(c1)C(C)(C)c1oc3cc(F)ccc3c1C2=O,6.07,alk
712,CCOc1cc(N2CCNC[C@@H]2C)ncc1-c1cnc(N)c(O[C@H](C)c2c(Cl)ccc(F)c2Cl)c1,7.86,alk
713,CCOC(=O)C1=C(C)N=C(C)C(C#N)[C@@H]1c1cnccc1-c1ccccc1,8.38,alk
714,CC(C)NC(=O)[C@H]1CC[C@@H](n2c(NC(=O)c3ccc(F)cc3)nc3ccc(CN4CCCCC4C(=O)O)cc32)CC1,8.52,alk
715,CCc1nc(C(N)=O)c(Nc2ccc(N3CCN(C)CC3)cc2)nc1NC1CCOCC1,7.96,alk
716,Cc1cc(NC2CCN(C)CC2)ccc1-c1cc2c(N3CCC[C@H](C(=O)NCc4ccc(S(F)(F)F)cc4)C3)ncnc2[nH]1,9.22,alk
717,COc1cc(S(C)(=O)=O)ccc1-c1cccc2cnc(Nc3ccc(C4CCNCC4)c4c3OCC4)nc12,7.85,alk
718,Clc1cnc2nc1NCc1cccc(c1)OCCCc1cccc(c1)N2,6.15,alk
719,COc1ccc(-c2cncc3nc4ccc(-c5ccc(NC(C)=O)cc5)cc4n23)cc1,4.74,alk
720,C[C@H]1Oc2cc(cnc2N)-c2c(nn(C)c2C#N)CN(C)C(=O)c2ccc(F)cc21,9.7,alk
721,CN1CCN(c2ccc(-c3ccc4[nH]c5nccc(-c6ccc(C(=O)c7ccccc7)cc6)c5c4c3)cc2)CC1,6.82,alk
722,CC1(C)c2cc(N3CCS(=O)(=O)CC3)ccc2C(=O)c2c1[nH]c1cc(C#N)ccc21,7.4,alk
723,Cc1cc(C)c(/C=C2\C(=O)Nc3ccc(-c4cccnc4)cc32)[nH]1,5.42,alk
724,Clc1cnc2nc1NCc1cccc(c1)OCCc1cccc(c1)N2,5.82,alk
725,CCc1cc2c(cc1C1=CCN(C(=O)C3CNC3)CC1)C(C)(C)c1[nH]c3cc(C#N)ccc3c1C2=O,9.0,alk
726,CC1(C)c2cc(OC[C@H](O)CO)c(Br)cc2C(=O)c2c1[nH]c1cc(OC(F)(F)F)ccc21,6.54,alk
727,CC1(C)c2cc(OCC(=O)NCCN3CCNCC3)ccc2C(=O)c2c1oc1ccccc21,5.48,alk
728,CC(C)N1CCN(c2ccc(-c3n[nH]c4nc(-c5ccc(O)cc5)ccc34)cc2)CC1,7.32,alk
729,CC1(C)c2cc(C(=O)N3CCN(S(C)(=O)=O)CC3)ccc2C(=O)c2c1[nH]c1cc(C#N)ccc21,7.56,alk
730,COc1cc(C2CCN(CC(N)=O)CC2)ccc1Nc1ncc2c(Cl)cc(-c3ccccc3N(C)S(C)(=O)=O)n2n1,8.33,alk
731,Fc1ccc(Cl)c(C2(c3n[nH]c4ncc(-c5cnn(C6CCNCC6)c5)cc34)CC2)c1Cl,6.29,alk
732,COc1cc(N2CCOCC2)ccc1Nc1ncc(Cl)c(Nc2ccccc2P(C)(C)=O)n1,9.62,alk
733,CC(C)C1(N2CCOCC2)CCN(c2cc3c(cn2)C(=O)c2c([nH]c4cc(C#N)ccc24)C3(C)C)CC1,8.03,alk
734,COc1ccccc1CCNc1nc(Nc2ccc(N3CCN(C)CC3)cc2OC)ncc1Cl,8.7,alk
735,CC(C)NC(=O)[C@H]1CC[C@@H](n2/c(=N/C(=O)c3ccc(C#N)cc3)[nH]c3ccc(CN4CCC(C(C)(C)O)CC4)cc32)CC1,9.0,alk
736,Cc1cc(Nc2ncc(Cl)c(Nc3cn(C)nc3S(=O)(=O)C(C)C)n2)c(OC2CC2)cc1C(=O)C(C)C,7.59,alk
737,c1ccc(Nc2cc3nc4ccccc4n3cn2)cc1,4.28,alk
738,COc1ccc(CCNC(=S)NCc2ccccc2)cc1Nc1ncc(Cl)c(Nc2ccccc2S(=O)(=O)C(C)C)n1,8.0,alk
739,CC(C)S(=O)(=O)c1ccccc1Nc1nc(Nc2nc(C(=O)N3C[C@@H]4CN(C)C[C@@H]4C3)cs2)ncc1Cl,6.87,alk
740,CC(C)NC(=O)[C@H]1CC[C@@H](n2c(NC(=O)c3ccc(F)cc3)nc3ccc(CN4CCC[C@H]4C(C)(C)O)cc32)CC1,8.59,alk
741,Oc1ccc(-c2ccc3c(-c4cnn(C5CCNCC5)c4)n[nH]c3n2)cc1F,7.4,alk
742,CCc1nc(C(N)=O)c(Nc2ccc(N3CCOCC3)cc2)nc1N[C@H]1CC[C@H](O)CC1,7.77,alk
743,C[C@H]1Oc2cc(cnc2N)Cc2c(nn(C)c2C#N)CN(C)C(=O)c2ccc(F)cc21,9.0,alk
744,CN1CCN(c2ccc(NC(=O)c3cc(-c4ccc5c(c4)OCO5)c[nH]c3=O)cc2)CC1,6.15,alk
745,COc1cc2c(cc1Nc1nc(Nc3ccsc3C(N)=O)c3cc[nH]c3n1)N(C(=O)CN(C)C)CC2,9.4,alk
746,COc1ncccc1-c1c(C(N)=O)sc2cnc(Nc3cc(C)c(N4CCN(C)CC4)cc3OC(C)C)nc12,8.52,alk
747,COc1cc([C@@]2(O)CCN(CC(N)=O)C[C@@H]2O)ccc1Nc1ncc2ccc(-c3ccccc3N(C)S(C)(=O)=O)n2n1,7.82,alk
748,COc1cc(N2CCC(N3CCN(C)CC3)CC2)ccc1Nc1cc(N2CCC[C@@H](C(=O)NCc3ccc(OC(F)(F)F)cc3)C2)ccn1,5.67,alk
749,COCCOc1cc2c(cc1OC(C)C)C(=O)c1c(n(CCOC)c3cc(C#N)ccc13)C2(C)C,8.0,alk
750,N#Cc1c(N)nc(SCC(=O)c2ccc(Cl)cc2)c(C#N)c1-c1ccsc1,5.01,alk
751,CCNC(=O)N1CCN(c2ccc(Nc3ncc(C(F)(F)F)c(Nc4ccc(N5CCN(C(=O)NCC)CC5)cc4OC)n3)c(OC)c2)CC1,7.7,alk
752,CCN(CC)CCOc1ccc2c(c1)C(C)(C)c1oc3cc(C(F)(F)F)ccc3c1C2=O,5.46,alk
753,CC1(C)c2cc(OC[C@@H](O)CO)ccc2C(=O)c2c1oc1ccccc21,5.68,alk
754,COc1cc([C@@H]2CCN(CC(N)=O)C[C@@H]2O)ccc1Nc1ncc2ccc(-c3ccccc3OC)n2n1,7.82,alk
755,COc1cc(C2CCNCC2)c(C)cc1Nc1nc(Nc2ccccc2S(=O)(=O)C(C)C)c2c(C)[nH]nc2n1,7.92,alk
756,Cc1cnc2nc3c(n2c1)-c1cnc(N)c(c1)O[C@H](C)c1cc(F)ccc1C(=O)N(C)C3,6.44,alk
757,CC(C)[Si](C=Cc1ccnc2[nH]c3ccc(-c4ccc(N5CCN(C)CC5)cc4)cc3c12)(C(C)C)C(C)C,5.49,alk
758,COCCCNc1cc(N2CCN(C)CC2)ccc1C(=O)Nc1n[nH]c2ccc(Cc3cc(F)cc(F)c3)cc12,6.87,alk
759,CN1CCN(c2ccc(Nc3ncc(Cl)c(Nc4ccccc4)n3)cc2)CC1,7.17,alk
760,C[C@@H](c1cc(F)cc(F)c1)c1ccc2[nH]nc(NC(=O)c3ccc(N4CCN(C)CC4)cc3NC3CCOCC3)c2c1,7.72,alk
761,CCN(CC)CCOc1ccc2c(c1)C(C)(C)c1c(c3ccc([N+](=O)[O-])cc3n1CCN(CC)CC)C2=O,5.37,alk
762,CC(Oc1ccnc(NN2CCN(C)CC2)c1)c1cccc(C(=O)NCc2ccc(Cl)c(C(F)(F)F)c2)c1,5.01,alk
763,CCN(CC)C(=O)COc1ccc2c(c1)C(C)(C)c1oc3ccccc3c1C2=O,5.11,alk
764,CC(C)NC(=O)[C@H]1CC[C@@H](n2/c(=N/C(=O)c3cc(F)cc(Cl)c3)[nH]c3ccc(CN4CCC(C(C)(C)O)CC4)cc32)CC1,8.52,alk
765,CC(C)(C)c1ccc(NC(=O)Oc2ccc3c4c(oc3c2)C(C)(C)c2cc(OC[C@H](O)CO)ccc2C4=O)cc1,6.29,alk
766,CCc1cc2c(cc1C1=CCN(CC3CCOCC3)CC1)C(C)(C)c1[nH]c3cc(C#N)ccc3c1C2=O,8.64,alk
767,CC(C)NC(=O)[C@H]1CC[C@@H](n2/c(=N/C(=O)c3cccc(F)c3)[nH]c3ccc(CN4CCC(C(C)(C)O)CC4)cc32)CC1,9.0,alk
768,COc1cc2c(cc1Nc1ncc(Cl)c(Nc3ccccc3S(=O)(=O)C(C)C)n1)CC/C(=N\NC(C)=O)C2(C)C,7.68,alk
769,COc1cc(-c2cnc(N)c(O[C@H](C)c3c(Cl)ccc(F)c3Cl)c2)nc(N2CCNCC2)c1,6.8,alk
770,CN1CCN(c2ccc(C(=O)Nc3n[nH]c4ccc(Cc5cc(F)cc(F)c5)cc34)cc2)CC1,7.14,alk
771,Cc1cc(-c2cccc(N)c2)c(/C=C2\C(=O)Nc3ccc(N)cc32)[nH]1,7.29,alk
772,COc1cc(N2CCN(C)CC2)ccc1Nc1ncc2ccc(-c3ccccc3OC)n2n1,8.05,alk
773,CC(C)(C)NCCOc1ccc2c(c1)C(C)(C)c1[nH]c3cc(C#N)ccc3c1C2=O,8.17,alk
774,CCc1cc(NC(=O)Nc2ccc(-c3cc(NC(=O)c4ccc(CN5CCN(C)CC5)cc4)[nH]n3)cc2C)no1,6.09,alk
775,COc1ccc(-c2cc3nc4ccc(Br)cc4n3cn2)cc1,5.0,alk
776,COc1c(Nc2ncc(Cl)c(Nc3ccccc3N(C)S(C)(=O)=O)n2)ccc2c1CCCC(N1CCN(C)CC1)C2,8.64,alk
777,CCS(=O)(=O)N[C@@H]1CCCC[C@H]1Nc1nc(Nc2ccc3c(c2)CCN(CCOC)CC3)ncc1Cl,7.3,alk
778,CC(Oc1ccnc(Nc2cnn(CC(C)(C)O)c2)c1)c1cccc(C(=O)NCc2ccc(Cl)c(C(F)(F)F)c2)c1,5.02,alk
779,CN1CCN(c2ccc(-c3ccc4[nH]c5nccc(Cl)c5c4c3)cc2)CC1,6.0,alk
780,Nc1ccc(-c2ccc3c(Nc4ccccc4)ccnc3c2)cn1,5.52,alk
781,Cc1cc(-n2cc(C3=CCOCC3)c3ccc(N[C@@H](C)c4ccc(F)cn4)nc32)[nH]n1,8.72,alk
782,CC(C)NC(=O)[C@H]1CC[C@@H](n2c(NC(=O)c3ccc(F)cc3)nc3ccc(CN4CCC(C(C)(C)O)C4)cc32)CC1,8.72,alk
783,O=C1Nc2ccccc2/C1=C/c1c[nH]nc1-c1ccccc1,5.76,alk
784,COc1ccc(-c2c[nH]c(=O)c(C(=O)Nc3ccc(CN4CCN(C)CC4)cc3)c2)cn1,5.52,alk
785,COc1ccc(C(C)(C)CN)cc1Nc1ncc(Cl)c(Nc2ccc(F)cc2S(=O)(=O)C(C)C)n1,6.68,alk
786,COc1ccc(CC(=O)Nc2ccncc2)cc1Nc1ncc(Cl)c(Nc2ccccc2S(=O)(=O)C(C)C)n1,7.47,alk
787,CC(C)(O)C#Cc1ccc2c(c1)C(=O)c1c([nH]c3cc(C#N)ccc13)C2(C)C,8.93,alk
788,COc1cc(CN2CCN(C)CC2)ccc1NC(=O)c1cc(-c2ccc3c(c2)OCO3)c[nH]c1=O,4.86,alk
789,CNC(=O)CN1CCN(c2ccc(Nc3ncc(Cl)c(Nc4ccccc4P(C)(C)=O)n3)c(OC)c2)CC1,8.51,alk
790,CNC(=O)c1c(F)cccc1Nc1nc(Nc2cc3c(cc2OC)CCN3C(=O)CN(C)C)nc2[nH]ccc12,9.3,alk
791,COc1cc(N2CCN(C(C)=O)CC2)ccc1Nc1ncc(C(F)(F)F)c(Nc2ccc(N3CCN(C(=O)OC(C)(C)C)CC3)cc2OC)n1,6.92,alk
792,COc1ccc2cc1Nc1nc(ncc1Cl)Nc1cccc(c1)CC2,6.44,alk
793,CN1CCN(c2ccc(C(=O)Nc3n[nH]c4ccc(Cc5cc(F)cc(F)c5)cc34)c(NC3CCOCC3)c2)CC1,7.92,alk
794,CC(C)NC(=O)[C@H]1CC[C@@H](n2c(NC(=O)c3cccnc3)nc3ccc(CN4CCC(C(C)(C)O)CC4)cc32)CC1,8.22,alk
795,N#Cc1[nH]nc2c1-c1cnc(N)c(c1)OCc1cc(F)ccc1OCCC2,7.82,alk
796,COc1cc2c(cc1Nc1ncc(Cl)c(Nc3ccccc3S(=O)(=O)C(C)C)n1)CCC(NC(=O)CN(C)C)C2(C)C,8.44,alk
797,CCN(CC)CCOc1ccc2c(c1)C(C)(C)c1c(c3ccc(C)cc3n1C)C2=O,5.23,alk
798,COc1c(Nc2ncc(Cl)c(N[C@H]3[C@@H](C(N)=O)[C@@H]4C=C[C@H]3C4)n2)ccc2c1CCC[C@H](N1CCN(C)CC1)C2,8.05,alk
799,Cn1cc(-c2ccc3c(Nc4ccccc4)ccnc3c2)cn1,5.32,alk
800,N#Cc1ccc2c3c([nH]c2c1)C1(CCCC1)c1cc(OC[C@H](O)CO)ccc1C3=O,8.21,alk
801,CC(C)S(=O)(=O)c1ccccc1Nc1nc(Nc2nc3c(s2)CCN(C(=O)C2CCOCC2)CC3)ncc1Cl,7.92,alk
802,COc1ccc(NC(=O)CNC(=O)c2cc(C(C)C)c(O)cc2O)cc1Nc1ncnc(Nc2ccccc2S(=O)(=O)C(C)C)n1,8.89,alk
803,CCOc1cc(C2CCN(C)CC2)ccc1Nc1ncc2c(n1)N(Cc1ccccc1)[C@H](CC)C(=O)N2C,5.79,alk
804,CCN1C(=O)CCCc2cc(Nc3ncc(Cl)c(Nc4ccccc4S(=O)(=O)N(C)C)n3)c(OC)cc21,8.4,alk
805,COc1cc(N2CCC(N3CCCCC3)C2)ccc1Nc1ncc(Cl)c(Nc2ccccc2P(C)(C)=O)n1,9.06,alk
806,CC(C)(C)[Si](C)(C)C#Cc1cccc(-c2csc(NC(=O)c3ccc(CN4CCOCC4)cc3)n2)c1,5.03,alk
807,CN1CCN(c2ccc(C(=O)Nc3n[nH]c4ccc(Cc5cc(F)cc(F)c5)cc34)c(NCCF)c2)CC1,7.85,alk
808,Cc1ccc(CNC(=O)c2cccc(C(C)Oc3ccnc(Nc4cnn(C5CCN(C)CC5)c4)c3)c2)cc1,5.51,alk
809,CC1(C)c2cc(N3CCOCC3)c(OC3CCOC3)cc2C(=O)c2c1[nH]c1cc(C#N)ccc21,9.23,alk
810,COc1cc(C(=O)N2CCOCC2)ccc1-c1cccc2cnc(Nc3ccc(C4CCNCC4)c4c3OCC4)nc12,7.46,alk
811,CC(C)(C)c1ccccc1NC(=O)Oc1ccc2c3c(oc2c1)C(C)(C)c1cc(OC[C@H](O)CO)ccc1C3=O,6.27,alk
812,Cc1nc(Nc2nc(Nc3cc(C)c(C4CCN(C)CC4)cc3OC3CC3)ncc2Cl)c(S(=O)(=O)C(C)C)s1,8.52,alk
813,COc1ccc(CCNCc2ccccc2)cc1Nc1ncc(Cl)c(Nc2ccccc2S(=O)(=O)C(C)C)n1,8.4,alk
814,Cc1cc2c(cc1N1CCC(N3CCOCC3)CC1)C(C)(C)c1[nH]c3cc(C#N)ccc3c1C2=O,8.96,alk
815,Brc1ccc2nc3cc(Nc4ccccc4)ncn3c2c1,4.16,alk
816,Cc1cc(Nc2ncc(Cl)c(Nc3cn(C)nc3S(=O)(=O)C(C)C)n2)c(OC2CC2)cc1[C@H]1CC[C@H](NC(C)C)CC1,8.3,alk
817,CCN1C(=O)CCCc2c1ccc(Nc1ncc(Cl)c(Nc3ccccc3C(=O)NC)n1)c2OC,7.96,alk
818,COc1cc2c(cc1Nc1ncc(Cl)c(Nc3ccc(C#N)cc3OC)n1)CCN(CC(=O)N(C)C)CC2,8.15,alk
819,Clc1cnc2nc1Nc1cccc(c1)CCc1cc(ccc1OCCN1CCCC1)N2,6.55,alk
820,CC1CN(Cc2c(-c3cccs3)[nH]c3ncccc23)CC(C)O1,5.03,alk
821,CC(C)Oc1cc(-c2nc(CN3CCN(CCO)CC3)cs2)ccc1Nc1ncc(Cl)c(Nc2ccccc2S(=O)(=O)C(C)C)n1,8.4,alk
822,CC1(C)c2cc(OCCN3CCNCC3)ccc2C(=O)c2c1oc1ccccc21,6.29,alk
823,Cc1cc(Nc2nc(Nc3ccccc3S(=O)(=O)C(C)C)c3c(C)[nH]nc3n2)c(OC(C)C)cc1C1CCN(CCC(=O)N(C)C)CC1,7.82,alk
824,COc1cc(N2CCN(C)CC2)ccc1-c1nc2c(N[C@H]3[C@@H](C(N)=O)[C@@H]4C=C[C@H]3C4)c(Cl)cnc2[nH]1,9.16,alk
825,Cn1cc(-c2cnc3[nH]cc(-c4cnn(Cc5cccc(N)c5)c4)c3c2)cn1,7.55,alk
826,CC(C)S(=O)(=O)c1ccccc1Nc1nc(Nc2nc(C(=O)NCCN3CCOCC3)cs2)ncc1Cl,6.92,alk
827,NC(=O)[C@H]1[C@@H]2C=C[C@@H](C2)[C@H]1Nc1c(Cl)cnc2[nH]c(-c3ccc(N4CCOCC4)cc3)nc12,6.92,alk
828,CCN(CC)CCOc1ccc2c(c1)C1(CCNCC1)c1[nH]c3ccccc3c1C2=O,6.16,alk
829,COCCNc1cc(N2CCN(C)CC2)ccc1C(=O)Nc1n[nH]c2ccc(Cc3cc(F)cc(F)c3)cc12,6.68,alk
830,CC1(C)c2cc(OC3COC[C@@H]3O)ccc2C(=O)c2c1[nH]c1cc(Br)ccc21,6.57,alk
831,CC(C)NC(=O)[C@H]1CC[C@@H](n2/c(=N/C(=O)c3ccc(F)cc3)[nH]c3ccc(CN4CCC(C(C)(C)O)C4)cc32)CC1,8.72,alk
832,COc1ccccc1/C=C(\C)c1ccnc2[nH]c3ccc(-c4ccc(N5CCN(C)CC5)cc4)cc3c12,5.82,alk
833,CC(C)S(=O)(=O)N1CCN(C(=O)COc2ccc3c(c2)C(C)(C)c2[nH]c4cc(Br)ccc4c2C3=O)CC1,6.77,alk
834,COc1ccc2c(c1)/C(=C/c1cc3c([nH]1)CCN(C(C)=O)C3)C(=O)N2,5.82,alk
835,Cc1ccc(CNC(=O)c2cccc(C(C)Oc3cccnc3Nn3cnnc3)c2)cc1,5.06,alk
836,C#Cc1cc2c(cc1N1CCOCC1)C(C)(C)c1[nH]c3cc(C#N)ccc3c1C2=O,8.62,alk
837,CC(C)C(=O)N1C[C@@H](C/C=C\CCC(=O)O)[C@@H](c2ccccc2O)C1,8.22,alk
838,CN1CCN(c2ccc(-c3ccc4[nH]c5nccc(/C(=C/c6ccccc6)c6ccccc6)c5c4c3)cc2)CC1,5.92,alk
839,Cc1cc(Nc2nc(Nc3ccccc3S(=O)(=O)C(C)C)c3c(C)[nH]nc3n2)c(OC(C)C)cc1C1CCN(CCS(C)(=O)=O)CC1,7.64,alk
840,CCc1cc2c(cc1N1CCC(N(C)C3COC3)CC1)C(C)(C)c1[nH]c3cc(C#N)ccc3c1C2=O,8.02,alk
841,CC1(C)c2cc(N3CCC(N4CCC(F)(F)CC4)CC3)ccc2C(=O)c2c1[nH]c1cc(C#N)ccc21,8.77,alk
842,COc1cc(N2CCN(C)CC2)ncc1-c1cnc(N)c(OC(C)c2c(Cl)ccc(F)c2Cl)c1,7.1,alk
843,COc1cc([C@@H]2CCNC[C@@H]2O)ccc1Nc1ncc2ccc(-c3ccccc3OC)n2n1,8.1,alk
844,COc1ccc(NC(=O)CNC(=O)c2cc(C(C)C)c(OC)cc2O)cc1Nc1ncc(Cl)c(Nc2ccccc2S(=O)(=O)C(C)C)n1,7.98,alk
845,CC(C)(CO)NCCOc1ccc2c(c1)C(C)(C)c1[nH]c3cc(C#N)ccc3c1C2=O,8.44,alk
846,Clc1cnc2nc1NCc1cc(ccc1Br)OCCCc1cccc(c1)N2,5.09,alk
847,COc1cc(Oc2nc[nH]c(=O)c2/C=C/C(C)=O)c(C(C)=O)cc1OC,5.12,alk
848,CC(Oc1cccc2c1c(/C=C1\C(=O)NN=C1c1nccs1)cn2C)c1ccccc1,7.38,alk
849,COc1ccccc1-c1cccc2cnc(Nc3ccc(C4CCNCC4)c4c3OC(C)(C)C4)nc12,7.44,alk
850,N#Cc1c(SCC(=O)c2ccccc2)nc2c(c1-c1ccsc1)CCCC2,4.46,alk
851,CC1(C)c2cc(C(=O)NC3COC3)ccc2C(=O)c2c1[nH]c1cc(C#N)ccc21,7.64,alk
852,Oc1ccc(-c2ccc3c(-c4ccc(CN5CCOCC5)o4)n[nH]c3n2)cc1,7.03,alk
853,COc1cc([C@H]2CCN(CCO)C[C@@H]2O)ccc1Nc1ncc2ccc(-c3ccccc3OC)n2n1,8.3,alk
854,CC(C)c1nc(C(N)=O)c(Nc2ccc(N3CCC(N4CCN(C)CC4)CC3)c(C(F)(F)F)c2)nc1N[C@H]1CC[C@H](O)CC1,9.77,alk
855,C=CC(=O)Nc1cc(Nc2nccc(Nc3ccccc3S(=O)(=O)C(C)C)n2)c(OC)cc1N(C)CCN(C)C,6.99,alk
856,Cc1cc(Nc2ncc(F)c(Nc3cn(C)nc3S(=O)(=O)C(C)C)n2)c(OC2CC2)cc1C1CCN(C)CC1,8.7,alk
857,CC(C)Oc1ccc(NC(=O)CNC(=O)c2cc(C(C)C)c(O)cc2O)cc1Nc1nccc(Nc2ccccc2S(=O)(=O)C(C)C)n1,8.38,alk
858,CC1(C)c2cc(OCC(=O)NCCOCCO)ccc2C(=O)c2c1oc1ccccc21,5.15,alk
859,CC1(C)c2cc(OCC(=O)NCC(O)CO)ccc2C(=O)c2c1[nH]c1cc(C#N)ccc21,7.76,alk
860,O=C(Nc1n[nH]c2ccc(Cc3cc(F)cc(F)c3)cc12)c1ccc(CN2CCCCC2)cc1NC1CCOCC1,7.74,alk
861,C=CC(=O)Nc1cc(Nc2nccc(Nc3ccccc3S(=O)(=O)N(C)C)n2)c(OC)cc1N(C)CCN(C)C,7.51,alk
862,CCN(CC)CCOc1ccc2c(c1)C(C)(C)c1[nH]c3cc(Br)ccc3c1C2=O,7.0,alk
863,CC1(C)c2cc(C(=O)NC3CCS(=O)(=O)C3)ccc2C(=O)c2c1[nH]c1cc(C#N)ccc21,7.57,alk
864,COc1cc(N2CCN(C)CC2)c2cc1Nc1ncc(Cl)c(n1)Nc1cc(ccc1N(C)S(C)(=O)=O)C=C2,8.15,alk
865,Cc1cc(Nc2nc(Nc3ccccc3S(=O)(=O)C(C)C)c3c(C)[nH]nc3n2)c(OC(C)C)cc1C1CCN(C[C@@H](O)C(F)(F)F)CC1,6.98,alk
866,CC(=O)C=Cc1c(Oc2ccc(O)cc2)nc[nH]c1=O,5.12,alk
867,CC(C)NC(=O)[C@H]1CC[C@@H](n2/c(=N/C(=O)c3ccccc3)[nH]c3ccc(CN4CCCCC4)cc32)CC1,8.7,alk
868,Cc1ccc(NC2=NC(=O)C(=C3C(=O)Nc4ccccc43)S2)cc1,5.43,alk
869,CCc1nc(C(N)=O)c(Nc2ccc(N3CCC(N4CCN(C)CC4)CC3)cc2)nc1NC1CCOCC1,8.11,alk
870,CN1CCN(Cc2ccc(N(C)C(=O)c3cc(-c4ccc5c(c4)OCO5)c[nH]c3=O)cc2)CC1,5.43,alk
871,CC(C)NC(=O)[C@H]1CC[C@@H](n2/c(=N/C(=O)c3ccncc3)[nH]c3ccc(CN4CCC(C(C)(C)O)CC4)cc32)CC1,9.0,alk
872,Cc1cc(-n2cc(C(=O)N3CCO[C@H](C)C3)c3ccc(O[C@H](C)c4ccc(F)cn4)nc32)[nH]n1,8.34,alk
873,Cc1cc(Nc2ncc(Cl)c(Nc3cn(C)nc3S(=O)(=O)C(C)C)n2)c(OC2CC2)cc1C1CCCN(C)C1,8.52,alk
874,COc1cc(S(C)(=O)=O)ccc1-c1cccc2cnc(Nc3ccc(C4CCNCC4)c4c3OC(C)C4)nc12,8.47,alk
875,COc1cc(Nc2nccc(N3CCC[C@H](C(=O)NCCc4ccccc4)C3)n2)cc(OC)c1OC,6.45,alk
876,CCn1ccc(-c2cnc(N)c(O[C@H](C)c3c(Cl)ccc(F)c3Cl)c2)cc1=O,7.68,alk
877,COc1nn(C)c2c1-c1cnc(N)c(c1)O[C@H](C)c1cc(F)ccc1C(=O)N(C)C2,9.74,alk
878,COc1cc(N2CCN(N3CCN(C)CC3)CC2)ccc1Nc1ncc2ccc(-c3ccccc3OC)n2n1,8.06,alk
879,CCc1nc(C(N)=O)c(Nc2ccc(N3CCC(N4CCN(C)CC4)CC3)c(OC)c2)nc1N[C@H]1CC[C@H](O)CC1,9.43,alk
880,CC1(C)c2cc(OC[C@@H](O)[C@H](O)CO)ccc2C(=O)c2c1[nH]c1cc(C(=O)NS(=O)(=O)c3ccccc3)ccc21,5.31,alk
881,COc1cc([C@@]2(O)CCN(C)C[C@@H]2O)ccc1Nc1ncc2ccc(-c3ccccc3OC)n2n1,8.52,alk
882,CC(C)NC(=O)[C@H]1CC[C@@H](n2/c(=N/C(=O)c3ccc(F)c(F)c3)[nH]c3ccc(CN4CCC(C(C)(C)O)CC4)cc32)CC1,8.7,alk
883,Cc1cc(Nc2nc(Nc3ccccc3S(=O)(=O)C(C)C)c3c(C)[nH]nc3n2)c(OC(C)C)cc1C1CCN(C(=O)C2CCNCC2)CC1,6.95,alk
884,COc1cc(N2CCC(N3CCOCC3)CC2)ccc1Nc1cc(N2CCC[C@@H](C(=O)NCc3ccc(OC(F)(F)F)cc3)C2)ccn1,5.49,alk
885,CN1CCN(Cc2ccc(C(=O)Nc3nc(-c4ccc(C#C[Si](C)(C)C(C)(C)C)cc4)cs3)cc2)CC1,5.34,alk
886,COCCN1CCC(c2cc(OC(C)C)c(Nc3nc(Nc4ccccc4S(=O)(=O)C(C)C)c4c(C)[nH]nc4n3)cc2C)CC1,7.92,alk
887,CCc1cc2c(cc1-c1cccc(S(=O)(=O)F)c1)C(C)(C)c1[nH]c3cc(C#N)ccc3c1C2=O,7.96,alk
888,Cc1cc(-n2ccc3ccc(N[C@@H](C)c4ccc(F)cc4F)nc32)[nH]n1,7.85,alk
889,CC(C)[Si](C#Cc1ccnc2[nH]c3ccc(-c4ccc(N5CCN(C)CC5)cc4)cc3c12)(C(C)C)C(C)C,5.31,alk
890,Cc1cc2c(cc1N1CCN(C3COC3)CC1)C(C)(C)c1[nH]c3cc(C#N)ccc3c1C2=O,7.97,alk
891,CCNC(=O)N1CCC(c2ccc3c(c2)C(C)(C)c2[nH]c4cc(C#N)ccc4c2C3=O)CC1,8.7,alk
892,Cn1cc(-c2cnc3[nH]cc(-c4cnn(Cc5cc(F)cc(F)c5)c4)c3c2)cn1,8.22,alk
893,COc1ccccc1-c1c(C)sc2cnc(Nc3ccc(C4CCNCC4)c4c3OCC4)nc12,8.48,alk
894,CN1CCN(Cc2ccc(-c3n[nH]c4nc(-c5ccc(O)cc5)ccc34)o2)CC1,6.71,alk
895,Cn1cc(-c2cnc3[nH]cc(-c4cnn(Cc5cc(F)ccc5F)c4)c3c2)cn1,7.54,alk
896,CC1(C)c2cc(-c3cnn(C4CCOCC4)c3)ccc2C(=O)c2c1[nH]c1cc(C#N)ccc21,7.39,alk
897,CN1CCN(c2ccc(C(=O)Nc3n[nH]c4ccc(Cc5cc(F)cc(F)c5)cc34)c(N[C@H]3CC[C@H](O)CC3)c2)CC1,8.0,alk
898,O=C(c1ccc(-c2cnc3c(c2)N(Cc2cc(F)ccc2F)CCN3)cc1)N1CCC[C@H]1CN1CCCC1,7.82,alk
899,Oc1ccc(-c2ccc3c(-c4ccc(N5CCCCC5)cc4)n[nH]c3n2)cc1,6.47,alk
900,Cc1cc(Nc2ncc(Cl)c(Nc3cn(C)nc3S(=O)(=O)C(C)C)n2)c(OC(CF)CF)cc1C1CCN(C)CC1,8.0,alk
901,COc1cc(N2CCN(C)CC2)ccc1Nc1ncc2sc(C(C)(C)O)c(-c3ccccc3OC)c2n1,6.89,alk
902,CCc1nc(C(N)=O)c(Nc2ccc(N3CCC(N4CCN(C)CC4)CC3)c(C)c2)nc1N[C@H]1CC[C@](C)(O)CC1,9.03,alk
903,CN1CCN(Cc2ccc(C(=O)Nc3nc(-c4cccc(C#Cc5ccccc5F)c4)cs3)cc2)CC1,5.3,alk
904,COc1cc(C2CCN(C[C@H](O)C(F)(F)F)CC2)c(C)cc1Nc1nc(Nc2ccccc2S(=O)(=O)C(C)C)c2c[nH]nc2n1,7.32,alk
905,Cc1ccc(C#Cc2ccc(-c3csc(NC(=O)c4ccc(CN5CCN(C)CC5)cc4)n3)cc2C)cc1,4.82,alk
906,COc1cc(Nc2nccc(N3CCC[C@H](C(=O)NCc4cccc(Cl)c4)C3)n2)cc(OC)c1OC,7.1,alk
907,CC1(C)c2cc(OC[C@H](O)CO)ccc2C(=O)c2c1[nH]c1cc(-c3ccn[nH]3)ccc21,6.11,alk
908,C[C@H](Nc1nc(Nc2cn(C)cn2)c2cc[nH]c2n1)c1ncc(F)cn1,7.3,alk
909,Cc1cc(NC2CCN(C)CC2)ccc1-c1cc2c(N3CCC[C@H](C(=O)NCc4ccc(Cl)cc4)C3)ncnc2[nH]1,9.07,alk
910,COc1cc(N2CCNCC2)ncc1-c1cnc(N)c(O[C@H](C)c2c(Cl)ccc(F)c2Cl)c1,8.1,alk
911,COc1cc(N2CCN(C[C@H](C)O)CC2)ccc1Nc1ncc2ccc(-c3ccccc3N(C)S(C)(=O)=O)n2n1,8.05,alk
912,COc1ccccc1-c1c(C(N)=O)sc2cnc(Nc3ccc(-c4cnn(C)c4)cc3OC(C)C)nc12,7.37,alk
913,COc1cc2c(cc1Nc1ncc(Cl)c(Nc3ccccc3S(=O)(=O)C(C)C)n1)CC/C(=N\NC(=N)N)C2(C)C,7.74,alk
914,CCc1nc(C(N)=O)c(Nc2ccc(N3CCC(N4CCN(C)CC4)CC3)c(OC)c2)nc1NC1CCOCC1,8.82,alk
915,CC1(C)c2ccc(OC[C@@H](O)[C@H](O)CO)cc2C(=O)c2c1[nH]c1cc(Br)ccc21,7.54,alk
916,CC1(C)c2cc(OCCCCCC(=O)O)ccc2C(=O)c2c1oc1ccccc21,5.23,alk
917,N#Cc1ccc2c3c([nH]c2c1)C1(CCOCC1)c1cc(OC2CCNCC2)ccc1C3=O,8.41,alk
918,COc1ccc2c(c1)/C(=C/c1cc3c([nH]1)CCN(C(=O)CCN)C3)C(=O)N2,6.43,alk
919,COc1ccccc1-c1ccc2cnc(Nc3ccc(N4CCN(C)CC4)cc3)nn12,7.7,alk
920,COc1cc(CCNC=O)c(C)cc1Nc1ncc(Cl)c(Nc2ccccc2S(=O)(=O)C(C)C)n1,8.4,alk
921,CC(C)NC(=O)[C@H]1CC[C@@H](n2/c(=N/C(=O)c3ccc(F)cc3)[nH]c3ccc(CN4CCC(C(N)=O)CC4)cc32)CC1,8.85,alk
922,COCCc1cc(OC2CC2)c(Nc2ncc(Cl)c(Nc3cn(C)nc3S(=O)(=O)C(C)C)n2)cc1C,8.4,alk
923,COc1cc(C2CCN(C[C@@H](C)O)CC2)ccc1Nc1ncc2ccc(-c3ccccc3N(C)S(C)(=O)=O)n2n1,8.22,alk
924,Cc1ccc(CNC(=O)c2cccc(C(C)Oc3ccnc(NN4CCOCC4)c3)c2)cc1,5.17,alk
925,Cc1cc(-n2cc(S(=O)(=O)C(C)C)c3ccc(N[C@@H](C)c4ccc(F)cn4)nc32)n[nH]1,7.74,alk
926,COc1cc(CN2CCOCC2)ccc1-c1nc2c(N[C@H]3[C@@H](C(N)=O)[C@@H]4C=C[C@H]3C4)c(Cl)cnc2[nH]1,8.17,alk
927,Cc1cc(Nc2cc(N3CCC[C@@H](C(=O)NCc4ccc(OC(F)(F)F)cc4)C3)ccn2)ccc1NC1CCN(C)CC1,5.37,alk
928,CC(C)NC(=O)[C@H]1CC[C@@H](n2/c(=N/C(=O)c3cc(F)cc(C#N)c3)[nH]c3ccc(CN4CCC(C(C)(C)O)CC4)cc32)CC1,8.52,alk
929,Cc1cc(Nc2ncc(Cl)c(Nc3cn(C)nc3S(=O)(=O)C(C)C)n2)c(OC2CC2)cc1C1CCS(=O)(=O)CC1,8.52,alk
930,Cc1cc(Nc2nc(Nc3ccccc3S(=O)(=O)C(C)C)c3c(C)[nH]nc3n2)c(OC(C)C)cc1C1CCN(C(=O)CN2CCOCC2)CC1,7.39,alk
931,COc1cc(C(F)(F)F)ccc1-c1cccc2cnc(Nc3ccc(C4CCNCC4)c4c3OCC4)nc12,7.85,alk
932,Cc1cc(CN2CCN(C)CC2)ccc1NC(=O)c1cc(-c2ccc3c(c2)OCO3)cnc1O,4.84,alk
933,CCCc1cc2c(cc1N1CCN(CCCCO)CC1)C(C)(C)c1[nH]c3cc(C#N)ccc3c1C2=O,8.96,alk
934,CC(C)N1CCN(c2ccc3c(c2)C(=O)c2c([nH]c4cc(C#N)ccc24)C3(C)C)CC1,8.33,alk
935,CC(C)(C)N1CCN(c2cc3c(cc2Br)C(=O)c2c([nH]c4cc(C#N)ccc24)C32CCOCC2)CC1,9.49,alk
936,CC1(C)c2cc(OC3CCNCC3)ccc2C(=O)c2c1[nH]c1cc(C#N)c(F)cc21,8.24,alk
937,CC1(C)c2cc(Oc3ncccn3)ccc2C(=O)c2c1[nH]c1cc(C#N)ccc21,7.52,alk
938,CN1CCN(c2ccc(C(=O)Nc3n[nH]c4ccc(Cc5cc(F)cc(F)c5)cc34)c(NCc3ccccc3)c2)CC1,6.42,alk
939,COc1cc(N2CCC(N3CCOCC3)CC2)ccc1-c1nc2c(N[C@H]3[C@@H](C(N)=O)[C@@H]4C=C[C@H]3C4)c(Cl)cnc2[nH]1,9.51,alk
940,CC1(C)c2cc(C(=O)N3CCOCC3)ccc2C(=O)c2c1[nH]c1cc(C#N)ccc21,7.52,alk
941,COc1cc(N2CCN(N3CCOCC3)CC2)ccc1Nc1ncc2ccc(-c3ccccc3OC)n2n1,8.05,alk
942,CNC(=O)c1ccccc1Nc1nc(Nc2ccc3c(c2OC)CCC[C@@H](N2CCN(CCO)CC2)C3)ncc1Cl,8.24,alk
943,COc1ccc(-c2nc3c(N[C@H]4[C@@H](C(N)=O)[C@@H]5C=C[C@H]4C5)c(Cl)cnc3[nH]2)cc1,6.7,alk
944,COc1cc(N2CCC(O)CC2)ccc1Nc1ncc(Cl)c(Nc2ccccc2P(C)(C)=O)n1,9.44,alk
945,CC(C)NC(=O)[C@H]1CC[C@@H](n2c(NC(=O)c3ccncc3)nc3ccc(CN4CCC(C(C)(C)O)CC4)cc32)CC1,9.0,alk
946,C=c1nns/c1=c1\[nH][nH]c(=O)c1=Cc1cn(C)c2cccc(OCc3c(F)ccc(Cl)c3F)c12,8.3,alk
947,C[C@H](O)CN1CCN(c2cc(F)c(Nc3ncc4ccc(-c5ccccc5N(C)S(C)(=O)=O)n4n3)cc2F)CC1,7.04,alk
948,CCOC(=O)C1=C(C)N=C(C)C(C#N)[C@@H]1c1cnccc1-c1ccc2ccccc2c1,9.15,alk
949,CC(C)NC(=O)[C@H]1CC[C@@H](n2/c(=N/C(=O)c3ccc(F)cc3)[nH]c3ccc(CN4CCC(C(C)(C)O)CC4)cc32)CC1,9.0,alk
950,CC(=O)/C=C/c1c(Oc2cccc(C(C)=O)c2)nc[nH]c1=O,5.2,alk
951,CC1(C)c2cc(OCCN3CCCCCC3)ccc2C(=O)c2c1oc1ccccc21,6.1,alk
952,CCN(CC)CCOc1ccc2c3c(oc2c1)C(C)(C)c1cc(OC)ccc1C3=O,5.25,alk
953,COCCN1CCc2cc(Nc3ncc(Cl)c(Nc4ccc(N5CCOCC5)cc4OC)n3)c(OC)cc2CC1,8.15,alk
954,COC(=O)c1ccc(OC)cc1Oc1nc[nH]c(=O)c1/C=C/C(C)=O,4.99,alk
955,C=COc1cc2c(cc1OC(C)C)C(=O)c1c([nH]c3cc(C#N)ccc13)C2(C)C,7.64,alk
956,C[C@H]1Oc2nc(cnc2N)-c2c(nc3ccc(C#N)cn23)CN(C)C(=O)c2ccc(F)cc21,7.35,alk
957,C=c1nns/c1=c1\[nH][nH]c(=O)c1=Cc1cn(C)c2cccc(OCc3cccnc3)c12,7.47,alk
958,CN1CCN(c2ccc(C(=O)Nc3n[nH]c4ccc(Cc5cc(F)ccc5F)cc34)c(NC3CCOCC3)c2)CC1,7.42,alk
959,Cc1ccc(F)cc1Cc1ccc2[nH]nc(NC(=O)c3ccc(N4CCN(C)CC4)cc3NC3CCOCC3)c2c1,6.74,alk
960,CCc1cc2c(cc1N1CCN(C3CCC3)CC1)C(C)(C)c1[nH]c3cc(C#N)ccc3c1C2=O,8.62,alk
961,c1ccc(Cc2ccnc3cc(-c4cnn(C5CCNCC5)c4)ccc23)cc1,6.54,alk
962,CC(C)S(=O)(=O)c1ccccc1Nc1nc(Nc2cccc(NC(=O)C3CN(C(=O)CCCN(C)C)C3)c2)ncc1Cl,9.1,alk
963,COc1cc(N2CCN(C[C@@H](C)O)CC2)ccc1Nc1ncc2ccc(-c3ccccc3N(C)S(C)(=O)=O)n2n1,7.82,alk
964,COc1cc(C2CCN(C[C@@H](C)O)CC2)ccc1Nc1ncc2ccc(-c3ccccc3OC)n2n1,8.47,alk
965,CC(C)NC(=O)[C@H]1CC[C@@H](n2c(NC(=O)c3ccc(F)cc3)nc3ccc(CN4CCCCC4)cc32)CC1,8.8,alk
966,COc1cc(N2CCCNC2=O)ccc1Nc1ncc(Cl)c(Nc2ccccc2NC(C)=O)n1,8.33,alk
967,Cc1cc(Nc2ncc(Cl)c(Nc3cn(C)nc3S(=O)(=O)C(C)C)n2)c(OC2CC2)cc1[C@H]1CC[C@H](NC2CC2)CC1,8.05,alk
968,Cc1cc(Nc2ncc(Cl)c(Nc3cn(C)nc3C#N)n2)c(OC2CC2)cc1C1CCN(C)CC1,8.52,alk
969,CN1CCN(c2ccc(-c3ccc4[nH]c5nccc(-c6ccc(COc7cccc(C(F)(F)F)c7)cc6)c5c4c3)cc2)CC1,5.77,alk
970,CC(C)Oc1ccc2c3c(oc2c1)C(C)(C)c1cc(OC[C@@H](O)[C@H](O)CO)ccc1C3=O,6.15,alk
971,C[C@H]1Oc2nc(cnc2N)-c2cc(S(C)(=O)=O)ccc2CN(C)C(=O)c2ccc(F)cc21,9.47,alk
972,COc1nc(N2CCN(CCO)CC2)ccc1Nc1ncc(Cl)c(Nc2ccccc2NS(C)(=O)=O)n1,5.66,alk
973,COc1cccc(Nc2cc3nc4ccccc4n3cn2)c1,4.29,alk
974,COc1ccc(-c2cnc(N)c(O[C@H](C)c3c(Cl)ccc(F)c3Cl)c2)nc1C1=CCNCC1,7.19,alk
975,CC1(C)c2cc(OCCN)ccc2C(=O)c2c1[nH]c1cc(C#N)ccc21,8.1,alk
976,CC1(C)c2cc(OCCN3CCN(C(=O)CO)CC3)ccc2C(=O)c2c1oc1ccccc21,5.56,alk
977,N#Cc1ccc(Oc2ccnc3cc(-c4cnn(C5CCNCC5)c4)ccc23)cc1,6.64,alk
978,CC1(C)O[C@H](CO)[C@@H](COc2ccc3c(c2)C(C)(C)c2[nH]c4cc(Br)ccc4c2C3=O)O1,6.82,alk
979,Cc1cc(Nc2ncc(C)c(Nc3cn(C)nc3S(=O)(=O)C(C)C)n2)c(OC2CC2)cc1C1CCN(C)CC1,9.0,alk
980,COC(=O)N1CCN(c2ccc(Nc3ncc(C(F)(F)F)c(Nc4ccc(N5CCN(C(=O)OC)CC5)cc4OC)n3)c(OC)c2)CC1,6.8,alk
981,Clc1cnc2nc1NCc1cc(Br)cc(c1)OCCCc1cccc(c1)N2,6.55,alk
982,CN1CCN(CCCc2ccc(NC(=O)c3cc(-c4ccc5c(c4)OCO5)cnc3O)cc2)CC1,5.89,alk
983,CN(C)CCCNC(=O)COc1ccc2c(c1)C(C)(C)c1oc3ccccc3c1C2=O,5.51,alk
984,CCc1nc(C(N)=O)c(Nc2ccc(N3CCN(C)CC3)c(C(F)(F)F)c2)nc1N[C@H]1CC[C@H](O)CC1,9.11,alk
985,CC(=O)N1CCC(Oc2ccc3c(c2)C(C)(C)c2c(c4ccc(Br)cc4n2C)C3=O)CC1,6.47,alk
986,COc1ccc(F)cc1-c1c(CO)sc2cnc(Nc3ccc(N4CCN(C)CC4)cc3OC(C)C)nc12,7.57,alk
987,CCN1CCC(c2cc(OC(C)C)c(Nc3nc(Nc4ccccc4S(=O)(=O)C(C)C)c4[nH]nnc4n3)cc2C)CC1,7.41,alk
988,Cc1cc(Nc2nc(Nc3ccccc3S(=O)(=O)C(C)C)c3c(C)c[nH]c3n2)c(OC(C)C)cc1C1CCN(CCO)CC1,8.22,alk
989,Cc1n[nH]c2cc(Nc3nc(NC4CC4)c4occc4n3)ccc12,5.23,alk
990,COc1ccc(CNC(=O)c2cccc(C(C)Oc3ccnc(Nc4ncccn4)c3)c2)cc1OC,5.55,alk
991,COc1ccc2cc1Nc1nc(ncc1Cl)Nc1ccc(N3CCN(C)CC3)c(c1)C=C2,6.59,alk
992,COc1cc(-c2c[nH]c(=O)c(C(=O)Nc3ccc(CN4CCN(C)CC4)cc3)c2)cc(OC)c1OC,5.12,alk
993,C=CC(=O)Nc1cccc(Nc2nc(Nc3ccc(N4CCN(C(C)=O)CC4)cc3OC)ncc2C(F)(F)F)c1,6.84,alk
994,COc1cc(N2CCN(C(C)C)CC2)ccc1-c1n[nH]c2nc(-c3ccc(O)cc3)ccc12,7.57,alk
995,CC(=O)C=Cc1c(Oc2ccc(C#N)cc2)nc[nH]c1=O,5.16,alk
996,Cc1cc(Nc2nc(Nc3ccccc3S(=O)(=O)C(C)C)c3c(C)[nH]nc3n2)c(OC(C)C)cc1C1CCN(C(=O)Cn2cccn2)CC1,7.66,alk
997,COc1nc(N2CC(O)C2)ccc1Nc1ncc(Cl)c(Nc2ccccc2NS(C)(=O)=O)n1,5.85,alk
998,COc1cc2c(cc1Nc1ncc(Cl)c(Nc3ccccc3S(=O)(=O)C(C)C)n1)C(C)(C)/C(=N/N1CCN(C)CC1)CC2,7.36,alk
999,Cn1cc(-c2cnc3[nH]cc(-c4cnn(Cc5ccccc5)c4)c3c2)cn1,7.05,alk
1000,Cc1ccc(CNC(=O)[C@H]2CCCN(c3ccnc(Nc4cccc(Cl)c4)n3)C2)cc1,5.7,alk
1001,CN1CCN(c2ccc(C(=O)Nc3n[nH]c4ccc(Cc5cc(F)cc(F)c5)cc34)c(NCC3CN(C)C3)c2)CC1,7.17,alk
1002,COc1ccc(-c2cnc(N)c(O[C@H](C)c3c(Cl)ccc(F)c3Cl)c2)nc1N1CCNCC1,7.56,alk
1003,COc1ccc2c(c1)/C(=C/c1cc3c([nH]1)CCN(C(=O)N1CCOCC1)C3)C(=O)N2,6.18,alk
1004,COc1cc(CN2CCN(C)CC2)ccc1-c1nc2c(N[C@H]3[C@@H](C(N)=O)[C@@H]4C=C[C@H]3C4)c(Cl)cnc2[nH]1,9.19,alk
1005,CN1CCN(c2ccc3cc2CCc2cccc(c2)Nc2nc(ncc2Cl)N3)CC1,7.04,alk
1006,Cn1cc(-c2cnc3[nH]cc(-c4cnn(Cc5cccc(C#N)c5)c4)c3c2)cn1,7.49,alk
1007,CC(C)NC(=O)[C@H]1CC[C@@H](n2/c(=N/C(=O)c3cccnc3)[nH]c3ccc(CN4CCC(C(C)(C)O)CC4)cc32)CC1,8.22,alk
1008,CC(C)(C)OC(=O)N1CCN(C(=O)COc2ccc3c(c2)C(C)(C)c2oc4ccccc4c2C3=O)CC1,5.27,alk
1009,COc1ccc(N2CCN(C)CC2)cc1Nc1ncc2ccc(-c3ccccc3N(C)S(C)(=O)=O)n2n1,7.55,alk
1010,CC(C)Oc1cc2c(cc1O[C@@H]1CCN(C3CCC3)C1)C(C)(C)c1[nH]c3cc(C#N)ccc3c1C2=O,8.8,alk
1011,COc1ccc2c(c1)/C(=C/c1cc3c([nH]1)CCN(C(=O)N1CCN(C)CC1)C3)C(=O)N2,6.26,alk
1012,Cc1ccc(CNC(=O)c2cccc(C(C)Oc3ccnc(NN4CCCCC4)c3)c2)cc1,5.33,alk
1013,COc1ccc(CCNC(=O)NC2CCCCC2)cc1Nc1ncc(Cl)c(Nc2ccccc2S(=O)(=O)C(C)C)n1,7.4,alk
1014,CC1(C)c2cc(N3CCC(O)CC3)ccc2C(=O)c2c1[nH]c1cc(C#N)ccc21,7.94,alk
1015,N#Cc1ccc2c3c([nH]c2c1)C1(CCOCC1)c1cc(N2CCN(C4CCC4)CC2)c(F)cc1C3=O,8.37,alk
1016,CCN1CCc2ccc(Nc3ncc(Cl)c(N[C@@H]4CCCC[C@H]4NC(C)=O)n3)cc2CC1,8.05,alk
1017,CCc1cc2c(cc1-c1cnn(C3CCOC3)c1)C(C)(C)c1[nH]c3cc(C#N)ccc3c1C2=O,7.93,alk
1018,CCc1cc2c(cc1N1CCN(C(=O)C3CCCCC3)CC1)C(C)(C)c1[nH]c3cc(C#N)ccc3c1C2=O,8.12,alk
1019,CC1(C)c2cc(OC[C@H](O)CO)c(O)cc2C(=O)c2c1[nH]c1cc(Cl)ccc21,7.39,alk
1020,COc1ccc(N2CCN(C)CC2)cc1Nc1ncc2ccc(-c3ccccc3OC)n2n1,6.73,alk
1021,CN1CCN(C(=O)c2ccc(-c3ccc(C(=O)Nc4nc(-c5cccc(C#Cc6ccccc6C(F)(F)F)c5)cs4)o3)cc2)CC1,6.41,alk
1022,Cc1[nH]c(/C=C2\C(=O)Nc3ccccc32)c(C)c1-c1cccc(NCCN)c1,6.22,alk
1023,COc1ccc(F)cc1[C@@H](C)Oc1cc(-c2cnnn2C)cnc1N,7.02,alk
1024,Oc1ccc(-c2ccc3c(-c4ccccc4)n[nH]c3n2)cc1,6.6,alk
1025,CCC(O)(CC)CCNC(=O)COc1ccc2c(c1)C(C)(C)c1[nH]c3cc(Br)ccc3c1C2=O,6.79,alk
1026,N#Cc1[nH]nc2c1-c1cnc(N)c(c1)OCc1cc(F)ccc1OCC2,7.66,alk
1027,COc1ccc(Oc2ccnc3cc(-c4cnn(C5CCNCC5)c4)ccc23)cc1,7.47,alk
1028,COc1cc(C2CCN(C(=O)C3CCN3)CC2)ccc1Nc1ncc2ccc(-c3ccccc3OC)n2n1,7.96,alk
1029,CCc1cc2c(cc1N1CCN(C(=O)C3COCCN3)CC1)C(C)(C)c1[nH]c3cc(C#N)ccc3c1C2=O,9.1,alk
1030,Cc1ccc(NC2=NC(=O)/C(=C3\C(=O)Nc4ccccc43)S2)cc1,5.43,alk
1031,COc1ccc(NC(=O)CNC(=O)c2cc(C(C)C)c(O)cc2OC)cc1Nc1ncc(Cl)c(Nc2ccccc2S(=O)(=O)C(C)C)n1,7.32,alk
1032,Cc1cc(-n2cc(C(=O)N3CCN(C)CC3)c3ccc(N[C@@H](C)c4ccc(F)cn4)nc32)[nH]n1,8.21,alk
1033,C[S+]([O-])CCOc1ccc2c(c1)C(C)(C)c1[nH]c3cc(C#N)ccc3c1C2=O,7.99,alk
1034,COc1ccc(CCNC(=O)Cc2ccccc2)cc1Nc1ncc(Cl)c(Nc2ccccc2S(=O)(=O)C(C)C)n1,7.7,alk
1035,CC(C)Oc1cc2c(cc1Nc1ncc(Cl)c(Nc3ccccc3S(=O)(=O)C3CCCCC3)n1)C(=O)N(C1CCN(C(=O)CN(C)C)CC1)C2,7.48,alk
1036,CC(C)Oc1cc(C2CCNCC2)ccc1Nc1ncc(Cl)c(Nc2ccccc2S(=O)(=O)C(C)C)n1,7.97,alk
1037,Cc1cc(Nc2nc(Nc3ccccc3S(=O)(=O)C(C)C)c3c(C)[nH]nc3n2)c(OC(C)C)cc1C1CCN(C(=O)CCN(C)C)CC1,7.74,alk
1038,COc1cc(Oc2nc[nH]c(=O)c2C=CC(C)=O)c(C(C)=O)cc1OC,5.12,alk
1039,CC(C)(C)c1cc(NC(=O)Nc2ccc(-c3cc(NC(=O)c4ccc(OCCN5CCCC5)cc4)[nH]n3)cc2)no1,6.25,alk
1040,N#Cc1ccc2c3c([nH]c2c1)C1(CCOCC1)c1cc(N2CCC(N4CCCC4)CC2)c(C#N)cc1C3=O,9.07,alk
1041,CC1(C)c2cc(O)c(-c3nn[nH]n3)cc2C(=O)c2c1[nH]c1cc(Cl)ccc21,9.34,alk
1042,COc1cc(P(C)(C)=O)ccc1Nc1ncc(Cl)c(Nc2ccccc2C(C)=O)n1,9.1,alk
1043,CCc1cc2c(cc1N1CCN(C3COC3)CC1)C(C)(C)c1[nH]c3cc(C#N)ccc3c1C2=O,8.54,alk
1044,COCCN1CCc2ccc(Nc3ncc(Cl)c(N[C@H]4CC[C@H](NS(C)(=O)=O)CC4)n3)cc2CC1,7.0,alk
1045,C[C@H](c1cc(F)cc(F)c1)c1ccc2[nH]nc(NC(=O)c3ccc(N4CCN(C)CC4)cc3NC3CCOCC3)c2c1,7.23,alk
1046,OCC1CCCCN1Cc1ccc(-c2n[nH]c3nc(-c4ccc(O)cc4)ccc23)o1,6.25,alk
1047,N#Cc1c(SCc2ccccc2)nc2c(c1-c1cccs1)CCCC2,5.68,alk
1048,C=CC(=O)Nc1cccc(Oc2nc(Nc3ccc(N4CCN(C)CC4)cc3OC)ncc2Cl)c1,6.0,alk
1049,COCCNC1CCc2cc(Nc3ncc(Cl)c(N[C@H]4[C@@H](C(N)=O)[C@@H]5C=C[C@H]4C5)n3)c(OC)cc2CC1,8.4,alk
1050,CCc1cc2c(cc1NC(=O)N1C[C@@H]3C(CO)[C@@H]3C1)C(C)(C)c1[nH]c3cc(C#N)ccc3c1C2=O,6.74,alk
1051,CN1CCN(c2ccc(Nc3ncc(Cl)c(NC[C@H]4CCCO4)n3)cc2)CC1,6.84,alk
1052,COc1ccc(CCNc2ncccn2)cc1Nc1ncc(Cl)c(Nc2ccccc2S(=O)(=O)C(C)C)n1,7.4,alk
1053,Cc1cc(Nc2nc(Nc3ccccc3S(=O)(=O)C(C)C)c3c(C)[nH]nc3n2)c(OC(C)C)cc1C1CCN(CCC(=O)N2CCC2)CC1,7.68,alk
1054,COc1cc(C2CCN(C[C@H](O)CO)CC2)ccc1Nc1ncc2ccc(-c3ccccc3OC)n2n1,8.54,alk
1055,CC(C)c1cc(NC(=O)Nc2ccc(-c3cc(NC(=O)c4ccc(CN5CCN(C)CC5)cc4)[nH]n3)cc2)no1,6.07,alk
1056,CCN(CC)CCOc1ccc2c(c1)C(C)(C)c1[nH]c3cc(C#N)c(Br)cc3c1C2=O,7.01,alk
1057,COc1c(Nc2ncc(Cl)c(Nc3ccccc3-n3cccn3)n2)ccc2c1CCCC(N1CCN(CCO)CC1)C2,8.64,alk
1058,CC(C)NC(=O)[C@H]1CC[C@@H](n2c(NC(=O)c3cc(F)cc(F)c3)nc3ccc(CN4CCC(C(C)(C)O)CC4)cc32)CC1,9.0,alk
1059,CC(C)S(=O)(=O)c1nn(C)cc1Nc1nc(Nc2cc(C#N)c(C3CCN(C)CC3)cc2OC2CC2)ncc1Cl,8.1,alk
1060,CN1CCN(c2ccc(Nc3ncc4ccc(-c5ccccc5)n4n3)cc2)CC1,7.32,alk
1061,CCOc1cc(N2CCN(C(C)=O)CC2)ccc1Nc1nc(Nc2ccc(N3CCN(C(C)=O)CC3)cc2)ncc1Cl,7.19,alk
1062,Cn1cc(-c2cnc3[nH]cc(-c4cnn(Cc5cccc(F)c5)c4)c3c2)cn1,8.25,alk
1063,CC1(C)c2ccc(OCc3cccnc3)cc2C(=O)c2c1[nH]c1cc(C#N)ccc21,8.15,alk
1064,C=c1nns/c1=c1\[nH][nH]c(=O)c1=Cc1cn(C)c2cccc(OCc3ccc(F)cc3F)c12,7.92,alk
1065,Clc1cnc2nc1NCc1cccc(c1)OCCOc1cccc(c1)N2,5.69,alk
1066,CCc1nc(C(N)=O)c(Nc2ccc(N3CCC(N4CCN(C)CC4)CC3)c(C)c2)nc1N[C@H]1CC[C@@](C)(O)CC1,9.68,alk
1067,CC(C)S(=O)(=O)c1ccccc1Nc1nc(Nc2cccc(NC(=O)CN3CC4CCC(C3)O4)c2)ncc1Cl,7.29,alk
1068,CC(C)Oc1cc2c(cc1Nc1ncc(Cl)c(Nc3ccccc3S(=O)(=O)C(C)C)n1)C(=O)N(C1CCN(C(=O)C3CCCN3C)CC1)C2,8.3,alk
1069,Cc1cc(Nc2nc(Nc3ccccc3S(=O)(=O)C(C)C)c3c(C)c[nH]c3n2)c(OC(C)C)cc1C1CCN(C[C@H](O)C(F)(F)F)CC1,6.99,alk
1070,Cc1cc(Nc2nc(Nc3ccccc3S(=O)(=O)C(C)C)c3[nH]nnc3n2)c(OC(C)C)cc1C1CCN(C)CC1,7.32,alk
1071,CN1CCN(c2ccc(C(=O)Nc3n[nH]c4ccc(Cc5cc(F)cc(F)c5)cc34)c(N)c2)CC1,7.17,alk
1072,COc1cc([C@@]2(O)CCNC[C@@H]2O)ccc1Nc1ncc2ccc(-c3ccccc3N(C)S(C)(=O)=O)n2n1,8.22,alk
1073,CCc1nc(C(N)=O)c(Nc2ccc(N3CCN(C)CC3)c(F)c2)nc1NC1CCOCC1,7.96,alk
1074,COc1cc(-c2cnc(O)c(C(=O)Nc3ccc(CN4CCN(C)CC4)cc3)c2)cc(OC)c1OC,5.12,alk
1075,CC1(C)c2cc(CC3CCN(S(N)(=O)=O)CC3)ccc2C(=O)c2c1[nH]c1cc(C#N)ccc21,8.14,alk
1076,COc1cc(Nc2ncc3ccc(-c4ccccc4)n3n2)cc(OC)c1OC,6.67,alk
1077,COCCN1CCC(c2cc(OC(C)C)c(Nc3nc(Nc4ccccc4S(=O)(=O)C(C)C)c4c(-c5ccccc5)[nH]nc4n3)cc2C)CC1,6.24,alk
1078,CCc1nc(C(N)=O)c(Nc2ccc(N3CCN(C4CCN(C)CC4)CC3)c(C)c2)nc1NC1CCOCC1,8.66,alk
1079,COc1ccccc1-c1cccc2cnc(Nc3cc(C4CCNCC4)nn3C(C)C)nc12,7.57,alk
1080,COc1cc(NC(=O)NCc2cccnc2)ccc1Nc1ncc(Cl)c(Nc2ccc(N3CCN(C)CC3)cc2)n1,6.12,alk
1081,CC1(C)c2cc(OCCN3CC[N+](C)(C)CC3=O)ccc2C(=O)c2c1oc1ccccc21,5.9,alk
1082,COc1cc(-c2nc3cc(C)ccn3c2/N=C/c2cc(Cl)ccc2O)ccc1O,5.62,alk
1083,CC(C)S(=O)(=O)c1ccccc1Nc1nc(Nc2nc(C(=O)N3CC4CCC(C3)O4)cs2)ncc1Cl,6.84,alk
1084,CCc1cc2c(cc1N1CCN(CC3CCOCC3)CC1)C(C)(C)c1[nH]c3cc(C#N)ccc3c1C2=O,8.68,alk
1085,COc1cc(C2CCNCC2)ccc1Nc1ncc2sc(C)c(-c3ccccc3OC)c2n1,8.19,alk
1086,Cn1cc(-c2cnc3[nH]cc(-c4cnn(Cc5ccc(F)c(F)c5)c4)c3c2)cn1,7.08,alk
1087,CCc1cc2c(cc1N1CCN(C(=O)C3CNC3)CC1)C(C)(C)c1[nH]c3cc(C#N)ccc3c1C2=O,8.55,alk
1088,COc1cc(C2CCN(C(=O)C(C)(C)N)CC2)ccc1Nc1ncc2ccc(-c3ccccc3OC)n2n1,8.15,alk
1089,COc1cc(N2CCN(C)CC2)ccc1Nc1ncc2ccc(-c3ccccc3N(C)S(C)(=O)=O)n2n1,8.05,alk
1090,Cc1cc(Nc2nc(Nc3ccccc3S(=O)(=O)C(C)C)c3c[nH]nc3n2)c(OC(C)C)cc1C1CCN(C(=O)CN(C)C)CC1,7.89,alk
1091,C[C@H]1CNCCN1c1cc(OCCN2CCOCC2)c(-c2cnc(N)c(O[C@H](C)c3c(Cl)ccc(F)c3Cl)c2)cn1,7.03,alk
1092,CC(C)[Si](C#Cc1cccc(-c2csc(NC(=O)c3ccc(CN4CCOCC4)cc3)n2)c1)(C(C)C)C(C)C,5.15,alk
1093,COCCNC1CCCc2c(ccc(Nc3ncc(Cl)c(N[C@H]4[C@@H](C(N)=O)[C@@H]5C=C[C@H]4C5)n3)c2OC)C1,8.15,alk
1094,C[C@@H](Oc1cc(-c2cnc(N3CCOCC3)c(OCCN3CCOCC3)c2)cnc1N)c1c(Cl)ccc(F)c1Cl,7.05,alk
1095,CCOC(=O)c1ccccc1Oc1nc[nH]c(=O)c1/C=C/C(C)=O,5.12,alk
1096,N#Cc1ccc2c3c([nH]c2c1)C1(CCOCC1)c1cc(OCCN2CCS(=O)(=O)CC2)ccc1C3=O,7.57,alk
1097,CN1CCN(Cc2ccc(C(=O)Nc3cc(-c4ccc(CNC(=O)Nc5cc(C(C)(C)C)on5)cc4)n[nH]3)cc2)CC1,5.35,alk
1098,CC(C)NC(=O)[C@H]1CC[C@@H](n2c(NC(=O)c3cc(F)cc(Cl)c3)nc3ccc(CN4CCC(C(C)(C)O)CC4)cc32)CC1,8.52,alk
1099,COc1cc(Nc2nccc(N3CCC[C@H](C(=O)NCc4ccccc4)C3)n2)cc(OC)c1OC,6.44,alk
1100,CC(C)[Si](OCC#Cc1cccc(-c2csc(NC(=O)c3ccc(-c4ccc(C(=O)N5CCN(C)CC5)cc4)o3)n2)c1)(C(C)C)C(C)C,5.67,alk
1101,N#Cc1c(N)nc(SCC(=O)c2ccccc2)c(C#N)c1-c1ccsc1,5.77,alk
1102,COc1ccc(Nc2nccc(N3CCC[C@H](C(=O)NCc4ccc(C)cc4)C3)n2)cc1,5.51,alk
1103,COc1cc(C(C)(C)CNC=O)c(C)cc1Nc1ncc(Cl)c(Nc2ccccc2S(=O)(=O)C(C)C)n1,8.11,alk
1104,COc1cc(C2CCN(C)CC2)c(C)cc1Nc1ncc2sc(C(N)=O)c(-c3ccccc3)c2n1,7.85,alk
1105,CC(C)(C)OC(=O)N1CCC(Oc2ccc3c(c2)C(C)(C)c2[nH]c4cc(C#N)ccc4c2C3=O)CC1,7.28,alk
1106,Cc1cc(-c2csc(NC(=O)c3ccc(CN4CCN(C)CC4)cc3)n2)ccc1C#Cc1ccccc1C(F)(F)F,4.7,alk
1107,COc1cc(C2CCN(CC(N)=O)CC2)ccc1Nc1ncc2ccc(-c3ccncc3OC)n2n1,8.05,alk
1108,CC1(C)c2cc(N3CCC(N4CCOCC4)CC3)ccc2C(=O)c2c1[nH]c1cc(C#N)ccc21,7.8,alk
1109,COc1c(Nc2ncc(Cl)c(Nc3ccccc3-c3nccn3C)n2)ccc2c1CCCC(N1CCN(CCO)CC1)C2,8.3,alk
1110,CCc1cc2c(cc1-c1cnn(CC(=O)N(C)C)c1)C(C)(C)c1[nH]c3cc(C#N)ccc3c1C2=O,8.7,alk
1111,CN1CCN(Cc2ccc(C(=O)Nc3nc(-c4cccc(C#Cc5ccccc5C(F)(F)F)c4)cs3)cc2)CC1,4.92,alk
1112,CCN(CC)CCOc1ccc2c(c1)C(C)(C)c1c(c3ccc(NC(=O)Cc4ccccc4)cc3n1C)C2=O,4.67,alk
1113,COc1cc(N2CCC(N3CCN(C)CC3)CC2)ccc1Nc1ncc(Cl)c(Nc2ccccc2C(=O)N(C)C)n1,8.32,alk
1114,CC1(C)c2cc(OC3COC3)ccc2C(=O)c2c1[nH]c1cc(C#N)ccc21,7.75,alk
1115,C[C@@H](Oc1cc(-c2cnc(C3=CCNCC3)c(OCCO)c2)cnc1N)c1c(Cl)ccc(F)c1Cl,8.16,alk
1116,Cc1cc(Nc2ncc(Cl)c(Nc3cn(C)nc3S(=O)(=O)C(C)C)n2)c(OC2CC2)cc1C1COC1,8.0,alk
1117,COc1cc(F)ccc1-c1cccc2cnc(Nc3ccc(C(=O)NC4CCNCC4)c4c3OCC4)nc12,7.92,alk
1118,COc1cc(C(F)(F)F)ccc1-c1c(C)sc2cnc(Nc3ccc(C4CCNCC4)c4c3OCC4)nc12,8.04,alk
1119,CC1(C)c2cc(OC[C@@H](O)[C@H](O)CO)ccc2C(=O)c2c1[nH]c1cc(C(=O)O)ccc21,6.05,alk
1120,CC(=O)N1CCc2[nH]c(/C=C3\C(=O)Nc4ccc(C#N)cc43)cc2C1,5.8,alk
1121,CC1(C)c2cc(-c3cnn(C4CCNCC4)c3)ccc2C(=O)c2c1[nH]c1cc(C#N)ccc21,7.28,alk
1122,CCc1nc(C(N)=O)c(Nc2ccc(N3CCC(N4CCN(C)CC4)CC3)cc2OC)nc1N[C@H]1CC[C@H](O)CC1,8.05,alk
1123,CCc1cc2c(cc1-c1cnn(C3CCOCC3)c1)C(C)(C)c1[nH]c3cc(C#N)ccc3c1C2=O,7.95,alk
1124,CN1CCN(Cc2ccc(C(=O)Nc3nc(-c4cccc(C#CCO[Si](c5ccccc5)(c5ccccc5)C(C)(C)C)c4)cs3)cc2)CC1,5.82,alk
1125,CC1(C)c2cc(OC[C@@H](O)[C@H](O)CO)ccc2C(=O)c2c1[nH]c1cc(C(=O)OCCO)ccc21,6.24,alk
1126,COc1ncccc1-c1c(C(N)=O)sc2cnc(Nc3cc(F)c(C4CCN(C)CC4)cc3OC(C)C)nc12,8.52,alk
1127,Cn1ncc2c1-c1cnc(N)c(c1)OCc1cc(F)ccc1OCCC2,7.07,alk
1128,COc1ccc(CNC(=O)c2cccc(C(C)Oc3ccnc(Nc4cnn(C5CCN(C)CC5)c4)c3)c2)cc1OC,5.74,alk
1129,COc1cc(N2CCC(N3CCOCC3)CC2)ccc1Nc1cc(N2CCC[C@H](C(=O)NCc3ccc(OC(F)(F)F)cc3)C2)ccn1,6.25,alk
1130,CCN([C@@H]1CCCC[C@H]1Nc1nc(Nc2cc3c(cc2OC)CCN(CCOC)CC3)ncc1Cl)S(C)(=O)=O,7.7,alk
1131,CC1(C)c2cc(CN3CCS(=O)(=O)CC3)ccc2C(=O)c2c1[nH]c1cc(C#N)ccc21,8.17,alk
1132,CC1(C)c2ccc(OC[C@H](O)CO)cc2C(=O)c2c1[nH]c1cc(C#N)ccc21,8.36,alk
1133,CCc1cc2c(cc1N1CCN(C3CC3)CC1)C(C)(C)c1[nH]c3cc(C#N)ccc3c1C2=O,8.28,alk
1134,COc1cc(Nc2cc(OC(C)c3cccc(C(=O)NCc4ccc(C)cc4)c3)ccn2)cc(OC)c1OC,5.06,alk
1135,CC(C)N1CCC(Cc2ccc3c(c2)C(=O)c2c([nH]c4cc(C#N)ccc24)C3(C)C)CC1,7.93,alk
1136,COc1cc(Nc2nccc(N3CCC[C@H](C(=O)NCc4ccc(C)cc4)C3)n2)cc(OC)c1OC,6.76,alk
1137,COc1cc(NC(=O)NCc2cccnc2)ccc1Nc1ncc(Cl)c(Nc2ccc(N3CCOCC3)c(OC)c2)n1,6.18,alk
1138,Cc1cc(Nc2nc(Nc3ccccc3S(=O)(=O)C(C)C)c3c(C)[nH]nc3n2)c(OC(C)C)cc1C1CCN(C)CC1,7.7,alk
1139,CC1(C)c2cc(OC[C@@H](O)CN3CCCCC3)ccc2C(=O)c2c1oc1ccccc21,5.94,alk
1140,Cc1ccc(CNC(=O)c2cccc(C(C)Oc3cccnc3Nc3nccs3)c2)cc1,5.1,alk
1141,CCc1cc2c(cc1-c1cnn(CC(O)CO)c1)C(C)(C)c1[nH]c3cc(C#N)ccc3c1C2=O,8.34,alk
1142,CCN1C(=O)CCCc2cc(Nc3ncc(Cl)c(Nc4ccccc4C(=O)NC)n3)c(OC)cc21,8.3,alk
1143,CC1(C)c2cc(OCC(=O)NCCC#N)ccc2C(=O)c2c1[nH]c1cc(C#N)ccc21,7.07,alk
1144,CC(C)NC(=O)[C@H]1CC[C@@H](n2/c(=N/C(=O)c3ccc(F)cc3)[nH]c3ccc(Oc4ccccn4)cc32)CC1,8.08,alk
1145,COc1cc(CNC(=O)c2cccc(C(C)Oc3ccnc(Nc4cnn(C)c4)c3)c2)cc(OC)c1OC,5.64,alk
1146,CCCC1(N2CCN(c3cc4c(cn3)C(=O)c3c([nH]c5cc(C(N)=O)ccc35)C4(C)C)CC2)CCC1,6.84,alk
1147,COc1cc(C(F)(F)F)ccc1-c1cccc2cnc(Nc3ccc(C4(O)CCNCC4)c4c3OCC4)nc12,8.48,alk
1148,C[C@@H](Oc1cc(-c2cnc(C3=CCNCC3)c(OCCN3CCOCC3)c2)cnc1N)c1c(Cl)ccc(F)c1Cl,7.88,alk
1149,CC(C)NC(=O)[C@H]1CC[C@@H](n2/c(=N/C(=O)c3ccc(F)cc3)[nH]c3ccc(CN4CCCCC4)cc32)CC1,8.8,alk
1150,CC1(C)c2cc(OCC(=O)NCCc3ccncc3)ccc2C(=O)c2c1oc1ccccc21,5.39,alk
1151,C/C(=N\Nc1ncc(Cl)c(Nc2ccccc2S(=O)(=O)C(C)C)n1)c1ccc(F)cc1,8.6,alk
1152,COc1ccc(NC(=O)CNC(=O)c2ccc(O)c(C(C)C)c2)cc1Nc1ncc(Cl)c(Nc2ccccc2S(=O)(=O)C(C)C)n1,8.85,alk
1153,CC(C)S(=O)(=O)c1ccccc1Nc1nc(Nc2nc3c(s2)CCN(CC2CCOCC2)CC3)ncc1Cl,7.74,alk
1154,CCc1nc(C(N)=O)c(Nc2ccc(N3CCC(N4CCN(C)CC4)CC3)c(C)c2)nc1N[C@H]1CC[C@H](O)CC1,9.59,alk
1155,CN1CCN(c2ccc(-c3ccc4[nH]c5nccc(-c6ccc(-c7ccc(F)cc7)nc6)c5c4c3)cc2)CC1,6.04,alk
1156,Cc1[nH]c(/C=C2\C(=O)Nc3ccccc32)c(C)c1-c1ccc(NCCN)cc1,6.38,alk
1157,CCNC(=O)c1cc(OC2CC2)c(Nc2ncc(Cl)c(Nc3cn(C)nc3S(=O)(=O)C(C)C)n2)cc1C,8.4,alk
1158,NC(=O)[C@H]1[C@@H]2C=C[C@@H](C2)[C@H]1Nc1c(Cl)cnc2[nH]c(-c3cccc(N4CCOCC4)c3)nc12,7.07,alk
1159,Cc1ccc(-c2n[nH]c3nc(-c4ccc(O)cc4)ccc23)o1,7.27,alk
1160,Oc1ccc(-c2ccc3c(-c4ccc(F)cc4)n[nH]c3n2)cc1,6.47,alk
1161,Cc1cc(Nc2cc(N3CCC[C@H](C(=O)NCc4ccc(OC(F)(F)F)cc4)C3)ccn2)ccc1NC1CCN(C)CC1,5.7,alk
1162,O=S(c1c(Cl)ccc(F)c1Cl)c1c[nH]c2ncc(-c3cnn(C4CCNCC4)c3)cc12,6.67,alk
1163,COc1cc(C2CCN(C)CC2)ccc1Nc1ncc(Cl)c(Nc2ccccc2P(C)(C)=O)n1,9.42,alk
1164,CC1(C)c2cc(N3CCCCC3)ccc2C(=O)c2c1[nH]c1cc(C#N)ccc21,7.48,alk
1165,COc1ccccc1Nc1nc(Nc2ccc3c(c2OC)CCCC(N2CCN(CCO)CC2)C3)ncc1Cl,7.36,alk
1166,Cc1cc(-c2cc(NC(=O)c3ccc(CN4CCN(C)CC4)cc3)[nH]n2)ccc1NC(=O)Nc1cc(C(C)(C)C)on1,6.75,alk
1167,CC1(C)c2cc(S(=O)(=O)CCC(=O)O)ccc2C(=O)c2c1[nH]c1cc(C#N)ccc21,7.15,alk
1168,CC1(C)c2cc(OCCN3CCNC3=O)ccc2C(=O)c2c1[nH]c1cc(C#N)ccc21,8.21,alk
1169,CC(C)Oc1cc(-n2cnc3ccc(N[C@@H](C)c4ccc(F)cn4)nc32)n[nH]1,7.47,alk
1170,Cc1cc(-n2cc(C(=O)N3CCOCC3)c3ccc(OC(C)c4ccc(F)cn4)nc32)[nH]n1,8.21,alk
1171,COCCN1CCc2cc(Nc3ncc(Cl)c(N[C@@H]4CCCC[C@H]4NS(C)(=O)=O)n3)c(OC)cc2CC1,8.22,alk
1172,CC1(C)c2cc(OC[C@@H](O)[C@H](O)CO)ccc2C(=O)c2c1[nH]c1cc(Cl)c(Cl)cc21,6.26,alk
1173,CC(C)[Si](C#Cc1ccc(-c2csc(NC(=O)c3ccc(CN4CCN(C)CC4)cc3)n2)cc1C#C[Si](C(C)C)(C(C)C)C(C)C)(C(C)C)C(C)C,6.27,alk
1174,CC(C)NC(=O)[C@H]1CC[C@@H](n2/c(=N/C(=O)c3ccc(F)c(Cl)c3)[nH]c3ccc(CN4CCC(C(C)(C)O)CC4)cc32)CC1,8.52,alk
1175,COc1cc(C2CCN(CC(N)=O)CC2)ccc1Nc1ncc2c(C)cc(-c3ccccc3N(C)S(C)(=O)=O)n2n1,8.22,alk
1176,C[C@@H](Oc1cc(-c2cccc(S(C)(=O)=O)c2)cnc1N)c1cc(F)ccc1-n1nccn1,8.34,alk
1177,COc1ccc(N2CCNC[C@@H]2C)nc1-c1cnc(N)c(O[C@H](C)c2c(Cl)ccc(F)c2Cl)c1,7.22,alk
1178,CCc1cc2c(cc1N1CCN(CC3(CO)COC3)CC1)C(C)(C)c1[nH]c3cc(C#N)ccc3c1C2=O,8.16,alk
1179,COc1ccc2c(c1)/C(=C/c1cc3c([nH]1)CCN(C(=O)c1cnoc1C)C3)C(=O)N2,5.85,alk
1180,Cc1cc(Nc2ncc(Cl)c(Nc3cn(C)nc3S(=O)(=O)C(C)C)n2)c(OC2CC2)cc1C1CCN(C)CC1,9.0,alk
1181,CC(C)NC(=O)[C@H]1CC[C@@H](n2c(NC(=O)c3ccc(F)cc3)nc3ccc(Cn4cncn4)cc32)CC1,8.7,alk
